pantai bagus bersih pasir putih serpih pecah karang cocok main air anak anak;Positif;Positif;0.999484658241272;0.0005871698376722634
jarak tempuh lumayan cepat banding pantai wonosari akses mudah roda roda larang kondisi jalan sempit sana alam bawa pikir jauh hiruk pikuk kota syahdu;Negatif;Positif;0.345885306596756;0.621812105178833
aneh ibuk ibuk usia jalan jauh banget hehehe terjal;Positif;Negatif;0.5365308523178101;0.45291581749916077
bentuk pantai buka banyak pohon khas pantai teduh panas siang ngecamp harus jaga bersih rawat fasilitas sedia wisatawan nyaman;Positif;Positif;0.9993040561676025;0.0007555496413260698
salah pantai baik daerah gunung kidul pantai agak pencil akses mudah jangkau spot pantai cocok ngecamp aman milik lahan luas tinggi bibir pantai aman ombak;Positif;Positif;0.9998170733451843;0.000200304901227355
ramai cocok tebing ngolang sunsetnya cantik;Positif;Positif;0.9998076558113098;0.00019379860896151513
jorok pantai kotor;Negatif;Negatif;0.04280637577176094;0.9586003422737122
pantai indah pandang atas tinggi pantai watu lawang cocok suka ngecamp indah pandang pantai malam;Positif;Positif;0.829092264175415;0.20080627501010895
pantai asri unjung pandang alam kiri kanan indah ;Positif;Positif;0.9999052286148071;9,17E+10
pandang laut kidul pasir putih recommended kunjung sore;Positif;Positif;0.9998921155929565;0.00010469072731211782
tempat bagus air jernih bersih pantai snorkeling;Positif;Positif;0.9989868998527527;0.0011475136270746589
mobil sepi cocok nyari suasana tenang;Positif;Negatif;0.9993081092834473;0.0007172329933382571
suka karang pas air laut nabrak karang liat bagus tebing sayang musti bayar sunset matahari halang tebing;Positif;Negatif;0.9993776679039001;0.0005512367351911962
pantai indah selatan gunungkidul aman sikecil ombak tunda tahan pulau tengah kombinasi pasir putih karang pulau nyewa kano ribu puas mantul;Positif;Positif;0.9999310970306396;7,77E+10
harus jalan kirang menit lupa bawa akua pakai sendal gunung sendal jepit sepatu bayar pas pandang sih tempat relatif sepi pinggir pantai diri tenda ombak lumayan agak kenceng;Positif;Positif;0.9661929607391357;0.030152514576911926
keren pandang tatanan beton unik pecah ombak lupa hati hati ombak sana;Positif;Positif;0.9768275022506714;0.029873160645365715
sejuk lomba tarik tambang kapolda diy;Positif;Positif;0.9992496371269226;0.0008123170700855553
akses arah pantai ngobarana nguyahan jalan aspal bagus makan toilet kamar mandi bilas dengana bayar rp bibir pantai banding ngobaran nguyahan agak kotor banyak sampah situ dermaga kapal nelayan warung warung jual ikan segar ikan bakar goreng harga standar nawar sadis nawar ;Positif;Positif;0.9881423115730286;0.011749587953090668
bagus tempat jalan pantai baik;Negatif;Negatif;0.3462109863758087;0.6833857297897339
cocok luk indah alam tani rembulan bintang suara ombak tidur pikir;Positif;Positif;0.9998072981834412;0.0001899212074931711
wisata profesional bagus objek foto foto kualitas handphone om ajib gila foto;Positif;Positif;0.9995130300521851;0.0005037020309828222
sesuai nama pantai gaes foto laut surut pos retribusi kayak pantai kukup baron drini gaes ohya pantai dekat pantai drini banyak jual takut lapar happy holiday;Positif;Positif;0.9999113082885742;0.00010023389768321067
pantai bagus pas minggu padat banget niat foto foto pas sesal gabawa baju ganti main air temen wkwkwk tebing jembatan baru buat biaya kemarin sih bayar ribu bagus la pokok hati hati pas jalan pantai licin all overall sih good tolong tukang foto sana foto foto;Positif;Positif;0.999705970287323;0.0003276501956861466
pantai watu lawang salah pantai kabupaten gunungkidul yogyakarta pantai tawar indah pandang bebatuan karang pasir putih pantai apit pantai kenal pantai indrayanti letak belah barat pantai pok tunggal letak belah timur pantai watulawang sarana pantai golong lumayan kamar mandi warung makan minum parkir teduh;Positif;Positif;0.9930292963981628;0.0068379235453903675
pantai ku wisata ikan nge recommend in main air ombak lumayan sedih pasar ikan pindah  isa milih ikan bawa warung dimasakin makan pinggir pantai huhuh warung makan nembak harga mentang wisata harga standart tau harga dasar ikan biar nawar turut tawar jangkau;Positif;Negatif;0.999847412109375;0.000163096803589724
kesini pagi udara segar pantai nikmat ikan fresh kapal nelayan laut jam;Positif;Positif;0.9993543028831482;0.0007253363728523254
tempat sejuk asri cocok refreshing keluarga and anti hp yah;Positif;Positif;0.9993100166320801;0.0007670905906707048
cocok libur keluarga;Positif;Positif;0.9998902082443237;0.00011106501187896356
pantai congot bagus view kurang perhati wisatawan sepi unjung tiket rupiah yuk ramai pantai congot;Negatif;Negatif;0.0024319817312061787;0.9976308345794678
indah;Positif;Positif;0.9919975399971008;0.0076358444057404995
bagus ngecamp recommended pantai lumayan sepi endak libur sewa tenda toilet banyak warung akses lumayan bikin roda motor prihatin jalan raya pantai watukodok belok kanan plakat pantai sanglen gitu;Positif;Positif;0.9888478517532349;0.011299713514745235
kurang cocok main air laut;Negatif;Negatif;0.15860077738761902;0.8422917127609253
pantai aman anak renang ombak sahabat tempat lumayan bersih;Positif;Positif;0.999721109867096;0.00028226434369571507
pantai ngandong belah timur pantai sadran pasir putih bersih cuaca bagus snorkeling pantai;Positif;Positif;0.9999494552612305;3,67E+09
pantai goa cemara letak dekat pantai indah pandang banyak main anak;Positif;Positif;0.991001307964325;0.010697112418711185
neng banget main pantai akses lumayan jauh pusat kota jogja lokasi deret pantai indrayanti lain pasir putih air lumayan jernih snorkeling waktu kesini pas weekday;Positif;Positif;0.9999345541000366;6,90E+10
pandang alam pantai bagus;Positif;Positif;0.9970797896385193;0.0031257488299161196
ramah anak;Positif;Positif;0.8257161378860474;0.1846352219581604
sayang pas kotor pohon cemara bikin sejuk;Positif;Negatif;0.5634574294090271;0.4357070326805115
fasilitas kamar mandi tingkat;Negatif;Negatif;0.0346456840634346;0.9656134843826294
jam jalan jogja tempat bagus parkir harus jalan ri bukit pandang bagus good jangkau mobil;Positif;Positif;0.9996726512908936;0.0003179743653163314
pantai bagus sepi nyaman samping jual jajan well pokok;Positif;Positif;0.9996161460876465;0.0004424550279509276
pantai sejuk siang banyak pohon cemara udang cocok acara gathering main atv tangkar penyu;Positif;Positif;0.9998352527618408;0.00018664101662579924
bagus banget;Positif;Positif;0.9874535202980042;0.012388590723276138
indah  refreshing  recommended kunjung pas stres hidup  pantai bagus pas kunjung cuaca cerah ombak indah banget karang diri kokoh ber selfi ria  ;Positif;Positif;0.9998726844787598;0.00014879477384965867
pantai layak kunjung tempat adem tepi pantai teduh nikmat debur ombak ayo kesana;Positif;Positif;0.9992826581001282;0.0008200223091989756
bagus mantap foto foto;Positif;Positif;0.999679446220398;0.0003308455925434828
pantai ramai pas weekend salah pantai letak deket banget proyek pas selesai lewatin garis pantai bikin hati tenang banget rileks banget pantai emang salah butuh tenang   ;Positif;Positif;0.9997687935829163;0.0002796334447339177
pantai bagus pandang asik kelola baik fasilitas main nelayan tambah cahari;Positif;Positif;0.9625102281570435;0.03804205730557442
sepi istirahat nyantai tepi pantai;Positif;Positif;0.8187054395675659;0.168384850025177
juni sadran banyak unjung sengat ubur aman anak menang sengat umum tulis lisan kelola hati;Positif;Positif;0.9998462200164795;0.00015285154222510755
bagus sayang kotor banyak sampah;Negatif;Negatif;0.0011349152773618698;0.9990352392196655
suka ikan laut tempat pilih ikan segar pandang dekat beda panatai pantai ombak pasir cuman sayang kemari pantai kotor banyak sampah moga perhati kelola biar wisata nyaman unjung wisatawan nyaman wisata;Positif;Negatif;0.806922972202301;0.16639003157615662
pemmandian air hangat;Positif;Positif;0.997572124004364;0.002499618800356984
pandang bagus tambah pasir putih wisata pantai tambah aneka hidang laut kanan kiri pintu snorkeling kano tambah lengkap wisata pantai;Positif;Positif;0.9999589920043945;3,27E+10
pantai bagus sisi pantai pasir tebing ngecamp batas tempat wc umum ramai warung;Positif;Positif;0.9994214773178101;0.0006352763157337904
asik main air karang banyak sport selfi bayar xixixi;Positif;Positif;0.9993939399719238;0.0006584749207831919
tau sih gratis objek wisata teras kaca rb motor parkir bawah banget boro boro dijagain;Positif;Negatif;0.9891712069511414;0.009726803749799728
bagus banget;Positif;Positif;0.9874535202980042;0.012388590723276138
capai lokasi tantang off road wheel drive medan jalan cadas batu lokasi bayar view alami pantai selatan eksotis tantang eksplorasi;Negatif;Positif;0.016500938683748245;0.9834322333335876
pantai bersih makan murah lumayan;Positif;Positif;0.9997642636299133;0.00022694208018947393
bersih bagus pohon penyu mati pasir kasihan warung banyak tutup pas senin;Positif;Positif;0.9895654916763306;0.010937069542706013
suka main pantai goa cemara sesuai nama sana banyak tumbuh pohon cemara santai nikmat suasana adem auka selfi sena banyak spot bagus gemar selfi;Positif;Positif;0.9998841285705566;0.0001255412062164396
biarpun sepi unjung kalah pantai samas tawar pesona sendiri pantai bersih puas pokok ngapain;Positif;Positif;0.9998852014541626;0.00011535092198755592
lumayan nyaman ramai unjung akses pantai gampang jalan mudah kendara harus jalan kaki kurang km pantai sayang sampah tepi pantai;Negatif;Positif;0.07233278453350067;0.9350830912590027
lumayan tantang turun nikmat dekat bibir pantai;Positif;Positif;0.9968293309211731;0.002631085691973567
pantai teduh pantai pantai cenderung panas pohon enak tidur ;Positif;Positif;0.9999109506607056;8,28E+10
pantai pasir putih pandang indah;Positif;Positif;0.9986459612846375;0.0012842884752899408
pantai ombak letak pantai selatan pecah ombak area air tenang belakang keliling perahu motor;Positif;Positif;0.9999356269836426;6,79E+10
pantai ujung timur gunung kidul pantai manja unjung alam kesini harus jalan kaki pantai jungwok pantai harus turun jurang lewat sawah jalan setapak musim hujan bahaya jalan licin tambah turun jurang tempat kagum manja indah bukit hampar pasar putih luas cocok banget ngecamp;Positif;Positif;0.9996429681777954;0.0003545001964084804
angin kencang pasir bangan risih lama pantai ombak sopan anak anak main pantai dar foto oke;Positif;Negatif;0.7261605262756348;0.23927296698093414
pantai ngandong area pantai sundak terang tulis wajib nanya duduk pantai sen seafood hasil tangkap nelayan harga jangkau gausah takut keblondrok jawa pantai sewa tiker payung puas jual mie instan pop mie backpacker takut laper budget dikit iya tebing foto pantai atas tebing duduk jual undur undur gortep cumi gortep udang gortep rumput laut gortep komplit recomended deh lestguide;Positif;Positif;0.999936580657959;7,27E+10
lumayan enak bagus view bebatuan vulkanik;Positif;Positif;0.5496795773506165;0.45572179555892944
pantai pasir hitam selatan jogja tedih banyak pohon cemara banyak sewa tiker duduk bawah pohon;Positif;Positif;0.9997537732124329;0.0002685578365344554
view ajib laut biru pasir putih akses jalan mudah;Positif;Positif;0.9953893423080444;0.005043659824877977
lelah rombong jawa timur sana senang harga makan toko dekat pantai murah teman kejut harga makan daerah daerah kawasan wisata murah penasaran jual buk nik benar regine sak menten jual enggeh mas nik les estu buk murah men to smean sak rencang tiang tebih mas kulo geh tiang tebih grio kulo sanes ten pantai hahaha teman tertawa guyon mantul  akhir teman habis kasaranya rampok isi warung wkwkw murah harga makan sana maaf terima kasih see you ;Positif;Positif;0.96598881483078;0.038171157240867615
salah pantai pilih kujung kejogja pantai letak gunung kidul bahan pantai pantai nama jogja salah tuju pantai snorkeling;Positif;Positif;0.9995726943016052;0.0004794093838427216
drini pantai wajib kunjung gunung kidul snorkeling pantai belah kiri relatif tenang jembatan nyebrang pulau selfi kesini aneh nagih bayar parkir ;Positif;Positif;0.9359623789787292;0.06215551123023033
pantai gunung kidul ombak landai cocok bawa anak pasir putih bersih;Positif;Positif;0.9993834495544434;0.0006739833625033498
salah jajar pantai cantik daerah gunungkidul ramai pantai banyak jual makan minum toilet pasir putih sunset ciamik dekat pantai sundak krakal kukup sadran jalan jalur patuk jalur selatan saran sore weekend;Positif;Positif;0.999862790107727;0.00014642890891991556
tempat cocok main air libur keluarga sunrise ngecamp pas banget;Positif;Positif;0.9994912147521973;0.0005409966106526554
parkir kendara atas gitu jalan kaki kebawahh jauh sih good banget viewnya sunset gitu jos sewa payung tikar makan jugaa banyak warung kelapa muda pas surut gitu nyari ikan mahir banyak ahaha renang oke;Positif;Positif;0.8510838747024536;0.16574496030807495
monggo suka ngecamp ngecamp ngecamp diri tenda sore nikmat senja cipta maha kuasa atas bukit mancing asik enak pas weekday ramai saran sih;Positif;Positif;0.9975830316543579;0.0028807097114622593
pantai goa cemara pantai selatan deret pantai depok parangteritis pantai teduh banyak pohon cemara pasar tengah hutan cemara tawar sayur buah buah lokal parkir luas kamar mandi banyak pendopo acara jalan bagus ramai kunjung;Positif;Positif;0.9994879961013794;0.0006016131374053657
pantai pasir putih ombak tenang bagus renang banyak parkir kapal nelayan lelang ikan kamar mandi bilas banyak cukup;Positif;Positif;0.9937505125999451;0.005763158202171326
baik kesini waktu musim angin suka ngecamp parkir luas mending waktu weekend banyak turis lokal kesini sunrise kasat;Positif;Positif;0.9203775525093079;0.06581949442625046
tolong dikodisikan mosok dgang larang pdhal kampung;Negatif;Negatif;0.04902881011366844;0.9513112902641296
cantik banget sengaja kesini pagi mumpung sepi jembatan baru nyebrang pulau drini pagi air pasang jam an air surut jalan agak tengah hati hati banyak terumbu karang hewan laut jaga lestari buang sampah sembarang;Positif;Positif;0.9462319016456604;0.05523189529776573
asli pandang laut netral mamantau tinggi ombak dekat;Positif;Positif;0.8872217535972595;0.11137034744024277
nyaman luas santai;Positif;Positif;0.9993576407432556;0.0006551325786858797
so tunggu rasa indah alam hangat sunset pukau cakar langit;Positif;Positif;0.9999611377716064;4,23E+10
kesana jelang maghrib bebas parkir retribusi sampah bibir pantai lumayan banyak;Negatif;Negatif;0.3596235513687134;0.6023339033126831
bagus banget beda pantai pantai tebing pasir pantai pandang murni laut langit semenanjung elok  sadar manusia apa nya banding alam jalan bagus aspal parkir parkir pantai jalan tangga mudah banget jalan aspal turun wow curamnyaaa ;Positif;Positif;0.9977152347564697;0.002381817903369665
tiket lumayan mahal istimewa pandang indah spot foto banyak puas temu sana;Positif;Positif;0.9991281628608704;0.0009372681379318237
coba pacu adrenalin daki puncak tebing saksi pandang laut hati hati bebatuan puncak tebing cenderung tajam perahu indah tengah laut nelayan pantai bawa wisatawan perahu salah fenomena langka keluar sumber air tawar laut penasaran;Positif;Positif;0.9999455213546753;5,84E+10
pantai banyak warung sampah laut jarang bersih view bagus susur bukit;Positif;Negatif;0.9989995360374451;0.0009156112209893763
bagus air bersih bawa baju renang kesini makan ikan bakar;Positif;Positif;0.9956705570220947;0.00460353959351778
bagus pasir hitam ombak banyak area main anak;Negatif;Positif;0.0966053456068039;0.9097175002098083
recomended ngecamp atas pantai dekat parkir tenda angin lumayan;Positif;Positif;0.9987130165100098;0.0012594457948580384
pandang indah dideket pantai area panjat tebing suka olahraga panjat;Positif;Positif;0.9998797178268433;0.0001258294505532831
lov gunung kidul;Positif;Positif;0.7534975409507751;0.22430598735809326
pantai sepi nyaman rekreasi istirahat;Positif;Positif;0.9717552065849304;0.02888779155910015
kotor moga jaga alam indah anugerah sang kuasa;Negatif;Negatif;0.3187432885169983;0.6377395391464233
nyaman libur bareng teman keluarga dekat banyak diri tenda pinggir pantai akses jalan jauh pusat kota tunjuk arah kanan kiri biar tau jalan tenang jauh pusat kota akses jalan pantai mulus parkir unjung;Positif;Positif;0.9982030391693115;0.0016078922199085355
gils emang cuaca bagus epic gokil rekomen pantai tebing;Positif;Positif;0.9944230914115906;0.005165708716958761
milik pandang bagus cari ikan laut segar;Positif;Positif;0.9969193935394287;0.0027165301144123077
tempat bagus luas banyak jual makan laut udang rumput laut cumi harha parkir motor rupiah bus ribu rupiah pantai sahabat main air relatif aman anak anak fasilitas kamar mandi banyak akses jauh pantai overall bagus kunjung pintu masuk taman bunga selfi selfi;Positif;Positif;0.9999123811721802;8,89E+09
pantai luas landai pantai ombak anak nikmat desir ombak udara sejuk fasilitas betah sana lama;Positif;Positif;0.9998356103897095;0.00017760079936124384
jam rumah pantai bersih sejuk lokasi bagus selfi bayar ribu main pantai;Positif;Positif;0.9987647533416748;0.0010961305815726519
rumah makan masakan enak suop kakap merah lobster enak;Positif;Positif;0.9460821747779846;0.058766528964042664
bersih indah cocok wisata keluarga;Positif;Positif;0.999929666519165;7,53E+10
mantul bosque motor mobil parkir;Positif;Positif;0.9645376205444336;0.03368460386991501
pantai gesing pantai berangkat tugu jogja jalan jam lewat jalur indah jalan mulus aspal jalan lubang jalan lelah pantai gesing indah pantai sepi ramai foto bocor banyak unjung warung makan banyak menu andal ikan bakar keripik rumput laut gurih;Positif;Positif;0.7109532952308655;0.28290918469429016
sih pantai anak muda banget putih pasir jernih air suasana jauh jalan ku asa pantai pribadi kurang hahaha;Positif;Positif;0.9726442098617554;0.026436906307935715
tempat instagramable ombak pas kesana pas tinggi air krannya asin lengket makan pinggir pantai murah;Positif;Positif;0.999804675579071;0.00019013519340660423
jalan bagus;Positif;Positif;0.8868337273597717;0.11782989650964737
jalan jauh jogja bayar indah laut atas tebing sirat;Positif;Positif;0.9996283054351807;0.00036215357249602675
pantai keren akses mudah;Positif;Positif;0.9991177916526794;0.0009478154242970049
air bening tempat gampang jangkau cocok nikmat ombak;Positif;Positif;0.9990910291671753;0.000846193463075906
pantai bersih enak pokoknyaa libur butuh banget vitamin sea hehe libur kesini jalan bagus khawatir hehe;Positif;Positif;0.9998857975006104;0.00011871675087604672
pantai eksotis tebing karang runtuh benteng kapal nelayan bar uni sendiri pantai nikmat agam olah seafood bebas pilih hasil laut nelayan fresh menang tarik nikmat sensasi ombak laut kidul prahu nelayan rban ajak keliling tantang ombak;Positif;Positif;0.9977300763130188;0.0023616966791450977
lokasi kulon progo yogyakarta kesini jalan deket pantai glagah banyak taman bunga daerah banyak kebun area dekat pantai pas pintu banyak dagang jual makan khas kulon progo pantai pasir warna hitam ombak banget ujung pantai pecah ombak kaya sih taun depan pantai glagah lokasi strategis banget penuh banget pantai glagah pembangungan bandara nyia bangun dermaga kulon progo yogyakarta;Positif;Positif;0.9573652148246765;0.04308554157614708
pantai ramai cocok bner nikmat suasana pantai pantai golong bersih ombak banget angin jugaaa pasir kecil kadang bawa angin bagus mobil parkir deket pantai jalan jauh mantap ;Positif;Positif;0.9997838139533997;0.00023542340204585344
warung jual harga ngawur;Positif;Negatif;0.9992433786392212;0.0007323093013837934
suka penuh kenang asri baru kini;Positif;Positif;0.8013906478881836;0.2061699777841568
bagus ni sayang waktu air surut bur;Positif;Positif;0.9975715279579163;0.002218054374679923
pantai selatan jawa tepat selatan kta purworejo tampil lanskap cantik deret pohon rimbun nampak indah foto sayang pantai pasir hitam kurang perhati perintah daerah pantai kotor penuh sampah kayu sampah makan;Negatif;Negatif;0.0008693380514159799;0.9993869066238403
pantai belah timur kota yogyakarta tepat kabupaten gunungkidul hal pantai pantai gunungkidul pantai banyak karang ombak jadi unik karang pandang arah laut warga kelola jembatan buat bambu menyebrang karang unjung atas karang aman;Positif;Positif;0.999955415725708;4,75E+10
hampar pasir pantai bersih luas cocok banget instragramable ehh kesini sore rekomendasi samping cuaca panas dapatin sunset indah pesona senja pesona manja behhh pokok mahh ;Positif;Positif;0.9999089241027832;9,47E+10
pantai bersih pasir halus bersih pandang bagus lupa pakai alas kaki deket air laut banyak batu karang sewa tikar payung banyak makan lokasi;Positif;Positif;0.9998373985290527;0.00017530056356918067
balah pantai goa cemara menit jalan pasir hitam lumayan bersih pantai selatan jawa ombak agak pantai warung jual makan kelapa muda harga sahabat cantum daftar harga baik harga beli kelapa muda utuh ribu indomie telur ribu makan pinggir pantai uda nikmat banget sewa atv suka kendara pasir pantai;Positif;Positif;0.9994307160377502;0.00044527018326334655
bagus tempat nyaman jalan adventure ombak cocok kemah pandang pantai;Positif;Positif;0.9960917830467224;0.0031262747943401337
pantai siung pantai deret gunung kidul bagus indah kunjung pantai deret bukit batu khas gunung kidul amat film jurassic park;Positif;Positif;0.9992986917495728;0.0006951734540052712
trip wajib bawa tamu rentcar malaysia negara nonton acara runman request kesini ;Positif;Positif;0.9999469518661499;5,63E+11
pantai aman;Positif;Positif;0.9969004392623901;0.003024931764230132
tempat teduh banyak duduk santai tikar meja cocok piknik keluarga retribusi golong murah retribusi tambah parkir kendara roda sewa atv sedia jalur lintas atv bibir pantai;Positif;Positif;0.9999275207519531;5,67E+11
pantai tempat kuliner ikan seafood segar kapal nelayan;Positif;Positif;0.9992460012435913;0.0007283592130988836
pantai enak kumpul denfan keluarga bercengkrama tempat teduh banyak tanam buah naga pas banget pas musim buah naga main main pantai pandansari;Positif;Positif;0.8922831416130066;0.11053178459405899
pantai pasir putih garis pantai cocok main air anak jarak parkir pantai dekat lelah jalan kaki fasilitas lengkap km rumah makan mushollah sedia sayang jalan cor aspal bebatuan aman lebih jalan cor aspal;Positif;Positif;0.847740888595581;0.14477132260799408
kurang tata banyak sampah;Negatif;Negatif;0.0006532328552566469;0.9994637370109558
salah deret pantai indah gunung kidul;Positif;Positif;0.9980455636978149;0.0018817614763975143
tolong kelola bersih pantai optimal unjung tolong nyampah;Negatif;Negatif;0.10741489380598068;0.8909196257591248
pas banget holiday puas pokok;Positif;Positif;0.9998431205749512;0.0001562293036840856
bagus banget waktu suasana tenang main air pantai banyak pantai layak kunjung bawa tua anak harap ekstra hati jalan jalan setapak padang luas foto harus atas hati hati yah pakai syuting salah video clip heran pantai suasana bagus tebing tinggi pancing mania cari ikan gua sirat gua pakai doa;Positif;Positif;0.9821920990943909;0.023464329540729523
tempat lumayan bersih banyak gazebo cocok wisata keluarga;Positif;Positif;0.9999080896377563;9,70E+10
pantai sepi asa pantai kayak milik;Positif;Positif;0.998450517654419;0.0014949034666642547
tahun komunitas ada makrab pantai sanglen ngecamp habis waktu malam akhir acara suasana seru banget gitu nyaman bersih ngecamp sana kenal kakek nenek jagain pantai kenal anak pesan makan nasi bungjus anak si kakek nenek;Positif;Positif;0.9447680711746216;0.0500008724629879
tempat asri cocok dua bareng doi;Positif;Positif;0.9995842576026917;0.0004647093592211604
bagus sih snorklingnya cetek suka pantai siung;Positif;Positif;0.998267412185669;0.0020137219689786434
pantai oke ramai tenang nyaman teras kaca;Positif;Positif;0.999915599822998;8,67E+10
indah mahakarya tuhan asri;Positif;Positif;0.9998887777328491;0.00011331636778777465
ramai unjung cocok butuh tenang;Positif;Positif;0.998102605342865;0.0017881725216284394
rekreasi refreshing bareng keluarga pantai baron nikmat pokok;Positif;Positif;0.9998352527618408;0.00016608992882538587
destinasi oke banget ni wajib datangin uji adrenalin nyebrangin jembatan tali waw deh so gays lewat jogja;Positif;Positif;0.989983081817627;0.009705895557999611
letak timur pantai jalan batu jalan corblok pantai bilang sepi unjung fasilitas kamar mandi mushollah parkir pohon teduh unjung istirahat nikmat indah pantai gubuk pinggir pantai;Positif;Positif;0.9997629523277283;0.00016839565068949014
have visited this beach once and absolutely love the scenery air laut bersih banget pasir putih bersih hati hati ombak seram sedih pas kesana salah spot pantai sepi pasang;Positif;Positif;0.9999608993530273;3,65E+10
cocok santa bakar ikan segar sayang tempat kurang bersih;Negatif;Negatif;0.16063788533210754;0.8400072455406189
wisata nyaman indah;Positif;Positif;0.9998346567153931;0.0001654860534472391
kesana kenal jalan alternatif jalan susur hutan capek main bayar manja pantai sedahan serasa pantai pribadi;Negatif;Positif;0.10975610464811325;0.8778717517852783
jarak lumayan jauh jogja lokasi pantai indah bayar lelah jalan;Positif;Positif;0.9597882628440857;0.03764370456337929
rekomended cinta lingkung hidup hewan;Positif;Positif;0.9998743534088135;0.0001360984897473827
pantai indah keliling batu karang tinggi pasir putih indah pandang letak gunungkidul jogjakarta recommend libur pantai;Positif;Positif;0.9999632835388184;2,74E+11
fasilitas minim;Negatif;Negatif;0.11058369278907776;0.8883943557739258
lokasi wisata pantai kurang awat kotor kumuh;Negatif;Negatif;0.0004711938963737339;0.9996219873428345
pantai pasir hitam waktu kesitu ngecamp pantai sepi masjid retribusi murah riah;Positif;Positif;0.9998515844345093;0.00014188652858138084
salah destinasi wisata pantai gunung kidul sayang lewat fasilitas dalam recomended banget datang;Positif;Positif;0.9968363046646118;0.0029717162251472473
pantai bagus ombak tenang sepi kasihan jual mari kunjung obyek wisata lokal tunda mmbantu hidup warga;Positif;Positif;0.9999074935913086;9,21E+10
cocok libur santai minggu pagi jual komplit parkir luas;Positif;Positif;0.999797523021698;0.00019701063865795732
pantai bersih pasir putih pemandanganya indah sore terang;Positif;Positif;0.9997320771217346;0.00025958780315704644
ramai libur bagus pantai aman anak renang batas bibir pantai hehehe;Positif;Positif;0.9953214526176453;0.004996726755052805
pantai bagus lokasi ngecamp cocok lokasi nyaman dingin;Positif;Positif;0.9998972415924072;0.0001129229785874486
bagus pantai pasir putih ukur garis pantai sedeng banyak kamping didpn pantai mobil didpn pantai kan kiri karang pecah ombak;Positif;Positif;0.9951500296592712;0.005274076946079731
lokasi agak kurang tata wisata jaya tahun an;Negatif;Negatif;0.014018811285495758;0.9861358404159546
indah pantai sayang perintah kurang peduli akses jalan jalan sempit sisip bus bikin macet kunjung tingkat akses lebar jalan kesana;Negatif;Negatif;0.0006374603253789246;0.999458372592926
jual ikan murah masyarakat dagang ramah;Positif;Positif;0.9992793202400208;0.0006442640442401171
selfi foto preweding pantai indah bersih akses mudah lupa siapin uang akses pantai siung;Positif;Positif;0.9987505674362183;0.0015589026734232903
cocok ngecamp tantang banyak warung warung jejer dekat pantai jarak kota butuh jam jalan;Positif;Positif;0.9973267316818237;0.002532313112169504
privat beach pantai bersih nyaman sejuk kamar mandi jajan sampahny recomended deh;Positif;Positif;0.9999176263809204;9,45E+09
cocok nikmat laut renang main pasir foto;Positif;Positif;0.9925873875617981;0.007934415712952614
renang anak ombak muara air jernih;Positif;Positif;0.9972121119499207;0.0026752848643809557
warung area pantai sedia makan berat biaya parkir ribu rupiah retribusi pantai ribu rupiah orang;Negatif;Positif;0.46708357334136963;0.5099731683731079
panta krakal familiar nama pantai indah lokasi parkir luas pantai krakal bahan pantai slili tepat belah barat pantai slili;Positif;Positif;0.9779840111732483;0.025895852595567703
pantai lumayan bagus bagus view laut nikmat view laut snorkeling alat snorkeling sewa sewa rp biaya abadi momen bawah laut bantu fotografer pandu;Positif;Positif;0.9999332427978516;7,31E+10
pantai banyak pasir air laut hati hati musim ubur ubur racun aneh pasir jngan pegang;Positif;Negatif;0.9872439503669739;0.01392942201346159
bagus pantai pasir putih agak ramai;Positif;Positif;0.9811041355133057;0.017397219315171242
salah baik saksi sunset;Positif;Positif;0.9789678454399109;0.019062425941228867
bagus;Positif;Positif;0.9635878205299377;0.036889806389808655
pantai indah pandang indah jarak jauh pantai indah;Positif;Positif;0.9985880255699158;0.0014839505311101675
pasir putih bagus kemarau gin air laut surut;Positif;Positif;0.9999285936355591;6,84E+10
pantai indah pasir putih bersih;Positif;Positif;0.9977253079414368;0.0023451964370906353
best wisata alam pesona takjub indah hasil cipta tuhan yme;Positif;Positif;0.9996469020843506;0.0004144723352510482
pantai lelang ikan banyak warung seafood pinggir pantai;Positif;Positif;0.9988879561424255;0.0008955533849075437
bagus pandang bersih keren untung wisata;Positif;Positif;0.9999483823776245;5,25E+10
pantai bersih udara sejuk dar nikmat pantai retribusi ribu parkir kendara roda;Positif;Positif;0.9987248778343201;0.001179259386844933
biar;Negatif;Negatif;0.05272709205746651;0.9516692161560059
beda foto tempat deret pantai;Positif;Negatif;0.9998593330383301;0.00010728048800956458
tempat teduh cocok bawa anak kesini main puas kolam renang dekat parkir;Positif;Positif;0.9986031651496887;0.0014495128998532891
pantai kenal anak mahasiswa cinta alam pandang bagus pantai milik spot bagus panjat climbing warung sedia makan murah pandang atas tebing cantik belah kanan pantai sembunyi spot foto bagus agak berbahanya anjur air pasang waktu tempuh butuh capai kurang jam babarsari tinggal;Negatif;Negatif;0.17800910770893097;0.8449647426605225
indah wisatawan bersih jaga kelak anak cucu nikmat indah;Positif;Positif;0.9999399185180664;5,73E+10
main pantai beli ikan makan bawa pulang lelang ikan pasar ikan tepi pantai banyak warung leseh sedia ikan hasil laut halal mantap pagi nelayan layar cari ikan rekreasi kelurga cocok ngadakan acara keluarga reuni kantor organisasi ayo kesini;Positif;Positif;0.9999368190765381;7,28E+10
bagus ngilangin penat spot mancing well banget tangan jail sampah sampah buang sembarang mkan warung harga biar dorr harga lumayan nyekek;Positif;Negatif;0.9995700716972351;0.0004448471881914884
ombak lumayan aman mandi spot foto recomended;Positif;Positif;0.9998086094856262;0.00019626908760983497
ombak larang renang main air;Negatif;Negatif;0.1136089637875557;0.8913449048995972
pantai bagus bersih akses kesini lumayan jauh sesuai ekspektasi;Positif;Positif;0.9991426467895508;0.0008684806525707245
pantai indah bersih parkir deket pantai;Positif;Positif;0.9999278783798218;5,28E+10
pantai bagus banget akses mobil susah mobil tenang jalan sempit pas mobil;Negatif;Negatif;0.03267057240009308;0.969636082649231
jauh banget si pantai;Negatif;Negatif;0.26671302318573;0.7391146421432495
akses pantai sulit ditemput jalan kaki jauh km bayar ojek idr jalan lokasi perangah indah;Negatif;Negatif;0.060013264417648315;0.9309549331665039
wisata bangun base ngecamp;Positif;Positif;0.6328276991844177;0.3893968462944031
bersih banget gue suka huhu  wajib kesana pakai kendara pribadi jalan agak sulit huhu indah bayar bagus;Positif;Positif;0.9989655017852783;0.0010660294210538268
cocok tuju rombong touring motor makan murah ikan segar;Positif;Positif;0.9998292922973633;0.0001778668665792793
pantai milik bibir pantai karang hitam ombak selancar rekomendasi siang sore pandang karang hitam pinggir pantai hampar rumput laut;Positif;Positif;0.9994319081306458;0.0005813799798488617
lumayan bersih sampah laut akses mudah ngecamp oke;Positif;Positif;0.9701247811317444;0.028856297954916954
tempat luaas banyak jajan harga tiket parkir jangkau pasir hitam sampah agak sera kurang buang sampah bagus sunset ombak kuat karakteristik pantai selatan not recommended for swimming bro;Positif;Negatif;0.9996657371520996;0.0002988734340760857
pantai luas bersih cocok keluarga instagramble bagi karang akses mudah tiket murah ribu tiket parkir ribu mobil sewa tikar payung ribu luas makan sana murah;Positif;Positif;0.9999711513519287;2,89E+11
enak santai mancing lain sepi unjung;Positif;Positif;0.998045802116394;0.001975621795281768
pantai baru keren bagus foto foto samping banyak jual seafood enak enak harga pas kantong angin kenceng banget ;Positif;Positif;0.9984582662582397;0.0017422736855223775
pantai bersih sepi bagus pagi   ;Positif;Positif;0.9988113641738892;0.0011694199638441205
pesona dar cuci hilang lelah libur akhir pekan;Positif;Positif;0.9999103546142578;9,97E+10
cocok ngecamp fasilitas pada;Positif;Positif;0.9935446977615356;0.006463247817009687
pantai nyaman indah libur keluarga fasilitas lengkap warung kamar mandi masjid main kano renang lain pantai aman anak hati hati kadang ubur ubur sengat khawatir tim sar sana siaga mantap;Positif;Positif;0.9999675750732422;3,37E+10
jalan susah muat liat ramai bagus spot foto;Positif;Negatif;0.9937154650688171;0.005667349323630333
salah destinasi wisata wajib jogja cocok sunset ramai unjung banyak jajan cemilan seafood kolam renang anak anak main air area jajan;Positif;Positif;0.7629673480987549;0.2804674804210663
bagus main air banyak rendah main;Positif;Positif;0.9946305751800537;0.005455602426081896
pantai cantik jarang banget nemu pantai rumput hijau hijau gin sayang akses agak susah kukup ombak tinggi ohya kamar mandi darurat masjid wudhunya kesana weekend jamin ramai wwk;Positif;Negatif;0.9996514320373535;0.00030183515627868474
pantai bagus air biru pasir hitam sewa perahu keliling sekitar mushollah dekat kadang jualana ikan udang cumi segar ;Positif;Positif;0.9996682405471802;0.00036969323991797864
hati parangtritis;Positif;Positif;0.9939848780632019;0.005982575006783009
sepi enak agak kotor;Negatif;Negatif;0.0578027106821537;0.9431664347648621
kesini kesini banget;Positif;Positif;0.9990739822387695;0.000869235722348094
lumayan suka main pasir mandangin langit biru rasain belai hembus ombak;Positif;Positif;0.99970942735672;0.00030052868532948196
bagus pantai kategori sepi banyak unjung cocok banget tenang pikir jauh riuk pikuk ramai kota;Positif;Positif;0.5226661562919617;0.4739691913127899
pantai bagus sayang retribusi uangnyaa aneh pantai biaya pantai pantai jugaa tunjuk arah pantai gesingnya copot taruh belah jembatan arah utara pantai gesing lurus akhir belok teras kaca notabene person dinass tolong perhati atas perhati ucap terimakasih;Negatif;Negatif;0.36771395802497864;0.6308650970458984
nikmat sunset ni rekomendasi pandang bagus sedia pohon buah naga petik good pokok ;Positif;Positif;0.9999374151229858;6,74E+10
agak sembunyi pantai ramai nyaman;Positif;Positif;0.9632206559181213;0.03805134445428848
salah pantai idola gunung kidul area sempit karang pantai pasir lembut ombak unjung area tinggi jalan kaki pandang bagus sayang banyak limbah plastik makan unjung pasir jual makan banyak beranta baik area parkir pada;Negatif;Negatif;0.029932454228401184;0.9713523983955383
suasana pantai asri sejuk pasir putih snorkelingnya;Positif;Positif;0.9960646033287048;0.004209598992019892
tempat nyaman wisata tuju nikmat hibur manjing pasir pancing pingiran;Positif;Positif;0.9790356159210205;0.0234227254986763
pantai bagus bersih ombak renang pantai  jalan aspal hati hati guna sepeda motor tempat banyak pohon lumayan adem panas  pantai salah objek wisata pantai daerah jawa warna air laut susah nikmat pantai warna toska air jernih mantap pantai wilayah banyak titik titik pantai kunjung dekat mampir ;Positif;Positif;0.9999480247497559;5,58E+11
senja indah;Positif;Positif;0.9997090697288513;0.00028641385142691433
pantai indah banget bersih nyaman banget libur keluarga;Positif;Positif;0.9999512434005737;5,26E+09
sayang snorkling waktu musim ubur nikmat ombak temen kesana cek manajemen pantai nglambor snorkeling overall orang ramah lokasi indah;Positif;Positif;0.9999045133590698;9,46E+10
pantai ngrumput bagus cocok ngecamp teman keluarga pasir putih foodstall puncak sosrok xixiixi;Positif;Positif;0.9993351101875305;0.0006710085435770452
tempat cocok anak pesisir batu ombak bahaya anak anak cari ikan tempat instagramable bahan pantai kukup dekat parkir pantai kukup pantai mbuluk pantai mbuluk jalan agak sempit pantai parkir ramai parkir dekat toilet kamar mandi pantai parkir pantai ngrawenya lewat tangga lelah enak refreshing;Positif;Positif;0.9311157464981079;0.05935708433389664
tau pantai tempuh motor jalan kaki menit jalan raya dekat tkp suguh indah cipta;Positif;Positif;0.9967437982559204;0.002859398489817977
pandang pantai indah sayang renang patung ikan ukur puncak bukit kondisi penuh coret tangan tangan jahil guna kendara motor kendara motor atas bukit larang kelola bahaya kemudi motor unjung jalan kaki dasar informasi duduk lokal pandang matahari benam musim hujan;Positif;Positif;0.9721496105194092;0.030389990657567978
warung makan mbok waji pesan makan minum harga lumayan murah nasi goreng nasi telur aneka kopi pesan kayu bakar ngecamp sholat teduh hujan sedia toilet tarif jangkau area pantai cocok main bola voli pantai luas himpit tebing kesan suasana baru wisata pantai;Positif;Positif;0.9998615980148315;0.00011621152953011915
pantai greweng beda pantai suka tantang indah alam pantai jadi salah pilih pantai greweng lokasi pendowo jepitu girisobo gunung kidul pantai apit bukit kunjung risau titip kendara parkir lumayan luas tracking akses pantai kendara motor seru harus jalan kaki daki bukit waktu tempuh normal menit usaha pantai terang malam terang jalan lokasi kurang hujan turun jalan licin harus ekstra hati hati pantai unjung tunda air laut hampar pasir pantai bagi pesisir pisah alir sungai muara pantai akhir pekan libur banyak pemuda malam diri tenda jalur pantai;Positif;Negatif;0.9881707429885864;0.010055473074316978
jaga bersih deh;Positif;Positif;0.9901580214500427;0.010068333707749844
kurang banyak spot selfi tarik wisatawan;Positif;Negatif;0.9926518797874451;0.0069517106749117374
pantai pesona kawasan desa purodadi camat tepus gunungkidul kompleks denganpantai timang pantai jogan jalan aspal mulus pinggir pantai pandang bagus;Positif;Positif;0.9998449087142944;0.00015063131286296993
sepi bersih sunset rekomen ngecamp pasti bayar parkir only jajan;Positif;Positif;0.8590614795684814;0.14304763078689575
pantai bilang baru viewnya wawwww cocok suka selfi;Positif;Positif;0.9996160268783569;0.00036376810749061406
pantai sepi lapang rumput cocok ngecamp jalan pantai batu trekking menit jalan kaki parkir;Positif;Negatif;0.77907794713974;0.20791597664356232
pantai eksotis pandang indah akses lokasi mudah banyak spot foto indah pokok recommend deh wisatawan unjung daerah wonosari;Positif;Positif;0.9998964071273804;0.00010751286026788875
pantai aman anak anak ombak pendek anak anak main pasir pasir hitam banyak perahu perahu nelayan;Positif;Positif;0.9996196031570435;0.0003750186297111213
salah pantai deret pantai pantai selatan gunung kidul garis pantai kaya pantai kuta pandang laut tebing banyak jual makan minum toilet mushollah sedia ramai bus parkir area pantai;Positif;Positif;0.9922553300857544;0.006974134128540754
keren banget ni pantai;Positif;Positif;0.9994801878929138;0.00039990636287257075
tempat sepi serasa pantai pribadi  jalan bahaya cadas tutup tanah pasir putih bersih ngecamp jual makan area parkir sana jual kayu bakar landas api unggun mushollah toilet kamar mandi parkir luas biaya area pantai ribu biaya parkir pantai ribu total bayar ribu;Positif;Negatif;0.8481549024581909;0.1510668247938156
pantai bagus tawar juta panorama;Positif;Positif;0.9903867244720459;0.00954846665263176
ramai banget siang ramai ombak nelayan layar dibantuin unjung salut deh;Positif;Positif;0.9976708292961121;0.002397136762738228
libur jogja sayang banget lewat kunjung pantai wediombo pantai pasir putih tempat bersih uang suka selancar banget ni pas air pasang sedia sewa lengkap suka snorkeling air surut pandang karang tu indah banget jamin sesal deh main pantai wediombo ambil bahasa jawa  wedi   pasir   ombo   luas  arti wediombo hampar pasir luas nama pantai milik lokasi luas banding pantai kawasan pantai letak kawasan jepitu girisubo gunungkidul pantai ujung pantai harus tempuh jam jalan pusat kota jogja jalur darat;Positif;Positif;0.9997889399528503;0.0002025031135417521
keren refreshing ramai banget minggu pagi;Positif;Positif;0.9994945526123047;0.0005019141244702041
kabupaten gunungkidul yogyakarta surga pantai sembunyi pantai nglolang traveler sih duka libur pantai pantai sepi suasana alam asli perawan cari pantai sembunyi traveler arah destinasi kabupaten gunungkidul yogyakarta pantai sembunyi gunungkidul pantai nglolang pantai nglolang letak desa madang camat tanjungsari tepat belah barat pantai pantai nglolang bilang jarang kunjung wisatawan warga yogyakarta;Positif;Positif;0.9981970191001892;0.0020344615913927555
sepi jelek pantai;Negatif;Negatif;0.17716684937477112;0.819054901599884
sepi aneh main air;Negatif;Negatif;0.002130817389115691;0.9978919625282288
pantai banyak pohon cemara abrasi banyak ilang;Positif;Negatif;0.9757802486419678;0.02454645000398159
masya allah pantai indah banget sejuk damai kece laju kunjung banyak pantai rekomended dehh pokok yahuutt habis lupa bawa topi pantai kacamata hitam foto hehehe milenial lupa bawa uang banyak pasar ikan wuuu;Positif;Positif;0.9999068975448608;9,76E+09
pantai dermaga belanja ikan segar;Positif;Positif;0.9984872341156006;0.0014903601258993149
mantap pantai pribadi ngecamp habis waktu sana ganggu banyak unjung;Positif;Positif;0.9456315040588379;0.057841457426548004
pantai ombak landai air bening enak santai keluarga kurang tata perintah lokal sarana prasarana kes kotor semrawut lokasi;Negatif;Negatif;0.0022036246955394745;0.9980042576789856
pantai indah pasir putih air jernih cocok wisata keluarga sayang main air kano rogok kocek rp rasa main kano ber loh;Positif;Positif;0.9999382495880127;6,38E+10
lumayan sepi rumah makan dah sepi abrasi;Positif;Negatif;0.6622642874717712;0.29532718658447266
jernih air siang air surut cari kepompong cocok anak;Positif;Positif;0.9996355772018433;0.0003995405277237296
akses mudah mushollahnya snorkeling sewa alat giudenya lupa bayar warung makan toilet;Positif;Positif;0.9998602867126465;0.00015724902914371341
kecewa pantai bahaya anak anak akses jauh lokasi aneh wisata luas pantai muas;Negatif;Negatif;0.00508680148050189;0.9946048855781555
bina dagang jasa skitar pantai tingkat layan ramah harga lain;Positif;Negatif;0.9941238760948181;0.005827016197144985
tempat bagus fasilitas minim emang tempat hutan muas;Negatif;Negatif;0.08108893036842346;0.913509726524353
pantai adalan wisata keluarga ombak agak tinggi tpbuntuk main pantai pasir lembut angin kencang wahana atv jangkau jalur track asik pantai ramai;Positif;Positif;0.9995385408401489;0.0005118815461173654
recomendded niat libur pantai renang nikmat pesisir pantai main pasir dermaga nelayan lokal;Positif;Negatif;0.991936206817627;0.007777585182338953
pantai minggu ramai snorkeling mandi;Positif;Positif;0.9997149109840393;0.00025474614812992513
pantai bagus asik main pasir pas kesana ramai akses jalan motor mobil fasilitas umum warung lumayan komplit;Positif;Positif;0.9995402097702026;0.00038636993849650025
it wonderful pantai senang akhir pantai jalan jauh kota macet plus sebal haha bayar ribu parkir turun pantai oiya haus ngecamp khawatir warung area ngecamp sedia;Positif;Positif;0.9994915723800659;0.0005264281644485891
private beach cocok ngecamp waktu menit trekking parkir motor;Positif;Positif;0.9997809529304504;0.00022350350627675653
alami tolong kitajaga bersih indah alam ;Positif;Positif;0.999168872833252;0.0008738750475458801
pantai oke asik ngecamp butuh juang pantai jalan bebatuan kasar;Negatif;Negatif;0.009237676858901978;0.9918745160102844
bersih pantai moga pasir bersih cocok suka foto;Positif;Positif;0.999683141708374;0.00035063791438005865
pantai bersih awat akses jalan baik dekat pantai kukup cocok nikmat sunset;Positif;Positif;0.9986814856529236;0.001136503997258842
pantai cocok santai pas refresh otak inap inap nyewain tenda ngecamp bawa pasir enak main udara segerrr bau amis recomended deh     ;Positif;Positif;0.999679446220398;0.00033345737028867006
tempat bagus banget sunset sunrise halang batu minus toilet bayar fasilitas jelek;Positif;Negatif;0.6180384755134583;0.3686753213405609
akses lumayan agak terjal sepenuh kelola pantai bagus kecewa  ;Negatif;Negatif;0.0009938792791217566;0.9989874958992004
pantai watu lawang salah destinasi wisata daerah istimewah yogyakarta pantai bilang indah bersih sepi kunjung wisatawan pantai watu lawang milik area ngecamp atas bukit pesisir pantai air laut turun ehehe pantai asik renang lawan ombak bebatuannya banyak cocok air laut buru sunset pantai watu lawang salah kunjung sunsetnya indah rugi harga karcis masuk rb parkir motor mobil samping warung warung jajan layan;Positif;Positif;0.9998621940612793;0.00015973011613823473
pantai banyak sampah dekat temu sungai laut banyak aktifitas nelayan;Positif;Negatif;0.9998249411582947;0.0001749143557390198
pesona pantai pasir putih banyak temu kerang laut karang nikmat indah pantai jarak jauh bukit nikmat indah pantai siung toilet bilas pada jual masakan sekitar pantai mushollah area parkir luas  ;Positif;Positif;0.998992383480072;0.0010526432888582349
banyak pantai cantik muncul muka pantai kenal milik indah indah pantai siung pantai kenal yogyakarta kenal mancanegara pantai siung pantai indah rekomendaskan kunjung keluarga teman teman akses mudah;Positif;Positif;0.9999105930328369;9,79E+10
pantai sejuk pagi;Positif;Positif;0.9934486746788025;0.00626858975738287
kotor;Negatif;Negatif;0.04466180503368378;0.9573923945426941
kotor;Negatif;Negatif;0.04466180503368378;0.9573923945426941
the beautiful beach    jalan jelek bebatuan ;Negatif;Negatif;0.2824825942516327;0.7105838060379028
viewnya bagus banget cuman jalan kurang mulus ngecamp malem listrik gelap keren;Positif;Positif;0.9973058700561523;0.002923957072198391
sepi;Negatif;Negatif;0.37991559505462646;0.6104744672775269
sempet jalan desa parah banget kaya gapernah lewat waktu ngikutin jalan kasih google ngikutin googlemaps banyak jalan;Negatif;Negatif;0.0244512427598238;0.9721503853797913
bagus abrasi masit;Positif;Negatif;0.9828275442123413;0.015980523079633713
pantai lumayan indah suasana desa udara sejuk pohon kelapa jalan lokasi;Positif;Positif;0.9996645450592041;0.00034904852509498596
ombak banget sepi penginjung banyak rubuh kayak terpa ombak ;Positif;Negatif;0.9952993392944336;0.004605218302458525
pantai asri banyak pohon cemara siang panas angin sejuk;Positif;Positif;0.9997668862342834;0.0002460373507346958
beautiful beach sanglen belah pantai watu kodok alam tidakenak pas area sanglen cabang watu kodok sanglen mana sanglen tarik parkir turun sanglen parkir doble bayar parkir bayar sih risih sharing mawon;Negatif;Negatif;0.04407136142253876;0.9533772468566895
ramai banyak tinggal sampah;Negatif;Negatif;0.48572248220443726;0.5320752263069153
inap tenda keren tempatnyaa     ;Negatif;Positif;0.20868761837482452;0.8199844360351562
tempat nyaman sejuk laut tinggi tebing;Positif;Positif;0.999922513961792;7,43E+09
makan jual warung enak enak jangkau;Positif;Positif;0.9996864795684814;0.0003022936580237001
alami cocok suka snorkeling;Positif;Positif;0.999862551689148;0.00013661714910995215
akses jalan mulus malem lampu jalan pantai khas ala gunung kidul pasir putih tebing bebatuan pohon laguna renang santai aman pinggir pantai jual makan aneka minum favorit es kelapa muda mie goreng telur pantai kesan bareng komunitas dalam suka tahun orang jauh;Positif;Positif;0.9997290968894958;0.00030215762672014534
sepi tenang suka banget;Positif;Positif;0.98149174451828;0.01829792745411396
asik snorkelingnya bareng bns recomended    ramah foto keren;Positif;Positif;0.9990418553352356;0.001147761824540794
mantap pantai;Positif;Positif;0.9970993995666504;0.002370269736275077
indah banget segar cerah pasir putih ombak sahabat ;Positif;Positif;0.9998038411140442;0.00020815244351979345
mantul seafood jos;Positif;Positif;0.9998859167098999;0.00011578600970096886
suka trekking agak jauh parkir komposisi karang unik banget cocok banget ngecamp sayang harus hadap biaya pungli uras kantong orang parkir motor mobil agak luar wajar;Negatif;Negatif;0.05310056358575821;0.9467340707778931
pantai indah asri;Positif;Positif;0.9997822642326355;0.00021357819787226617
pantai landai cocok bawa anak anak pasir putih bersih;Positif;Positif;0.9991424083709717;0.0009418968693353236
jalan keluarga recommanded nih;Positif;Positif;0.9985052347183228;0.0014527140883728862
bersih toilet bersih banget rumput larang injak konsep bagus warung tata rapi bersih sampah;Positif;Positif;0.9873101711273193;0.014426643960177898
pantai ngrawe pantai baru gunungkidul jogja pantai patut kunjung libur milik uni sendiri pantai tahap lanjut kembang banyak unjung pantai ngrawe cantik tambah spot taman lengkap duduk pohon palm tata rapi yah dukung wisatawan aktifitas khsususnya selfi hehehe bilang pantai pantai ter rapi deret pantai gunungkidul;Positif;Positif;0.9994854927062988;0.0005785026587545872
pantai cantik daerah selatan jawa pasir halus warna air jernih;Positif;Positif;0.9999430179595947;5,81E+10
pantai indah banget tau pantai bersih banget sih pasir putih agak kasar gitu kayak pasir putih lampung lampung akses pantai bagus lewat mobil waktu harus kesini;Positif;Positif;0.5540317296981812;0.4515228271484375
ramai pas weekend pantai keren;Positif;Positif;0.973335325717926;0.03396656736731529
banyak sampah mari jaga lestari bersih laut minimal guna single use plastic buang sampah tempat;Positif;Negatif;0.9958927631378174;0.004217940848320723
bagus nyaman anak main;Positif;Positif;0.999305248260498;0.0007380067836493254
pasar ikan segar segala seafood;Positif;Positif;0.9998138546943665;0.00018137434381060302
tempat asri wisatawan turut tenpat indah sunset ;Positif;Positif;0.9981524348258972;0.0017091238405555487
pandang pantai lumayan bagus jual makan pantai khawatir bawa bekal recommended suasana beda hati hati ombak tinggi kesini;Positif;Positif;0.9998241066932678;0.0002095753443427384
indah banget;Positif;Positif;0.9898964166641235;0.00987128634005785
mantap indah;Positif;Positif;0.9998606443405151;0.0001301895099459216
senang pantai santa nikmat kuliner pantai depok;Positif;Positif;0.9996193647384644;0.0003897335263900459
drini belah timur aman anak batita main air sewa tikar payung rb kano kuliner khas seafood harga beli saran jauh pantai makan nasi goreng mie instan baik order seafood harga sensasi kualitas beli kota kualitas air sarana aman fasilitas mandi air tawar tunjang beli ikan segar ikan goreng lihai tawar mem ikan kualitas;Positif;Positif;0.9932076334953308;0.0062856534495949745
sedia sewa kano;Positif;Positif;0.7926232218742371;0.208762988448143
salah wisata pantai selatan teduh;Positif;Positif;0.9995245933532715;0.0004897866165265441
pantai nan jauh mata kesini hadap struggle jalan rusak batu pakai jeep highly recommended view pantai biru debur ombak putih so lovely kesini mobil pribadi akses jalan sempit rusak gitu jeep sewa jeep kemarin pas pergi muat harga its okay lu pergi ojek si timang pantai banyak spot foto bayar maklum emang sengaja bangun foto wahana harus coba jembatan gantung gondola akses harus bayar jembatan rb gondola rb wni lu bawa turis wna kesini beda harga xixi gondola unik tarik pakai manual pakai tenaga manusia kadang menit rehab kemarin gue gondola gue worth it so addicted gondola duduk diem pulau seberang seberang pulau menang keren pulau seberang gondola jembatan beda mampir gaboleh foto biar bukti lu kunjungin banyak spot foto tebar mana mana free damping gitu handal ambil foto kurang pantai gue renang gaboleh ombak hanyut bahaya oiya last thing from timang lupa makan lobster lobster murah enyak;Positif;Negatif;0.9993433356285095;0.0006085055647417903
pantai ngandong letak kawasan pantai sarangan pantai sadran pantai belah timur pantai cocok libur tenang cocok snorkeling pantai sadran waktu pagi sore failitas lengkap parkir sedia sepeda motor mobil bus pariwisata pantai agak kurang cocok salur hobi fotografi nurazmiab;Positif;Positif;0.9681198000907898;0.031066518276929855
rindu harus turut berani bayang pagi tebing bebatuan kasar cadas lelap bawah bintang selamat nikmat libur pantai wohkudu kawan;Positif;Positif;0.9997679591178894;0.00022000663739163429
indah bersih kembang kait kelola fasilitas tingkat;Positif;Positif;0.5416604280471802;0.459800124168396
waktu milihnya pas banget nikmat suasana puas nikmat suasana pantai nuansa jalan kaki lokasi cerita unik pokok;Positif;Positif;0.9998856782913208;0.00011968836042797193
amazing place sesal sewa jeep rb nyebrang jembatan rb nyebrang pakai gondola rb suka pakai jembatanya greget wkwkwk tukang foto ikhlas kasih pulange mampir makan lobster stengah kilo dah kenyang skitar rb bawa uang cash atur;Positif;Positif;0.9998533725738525;0.00016290578059852123
indah cocok keluarga anak tua;Positif;Positif;0.9996641874313354;0.00032097872463054955
banyak ogah arahin kesana parkir jalan usa parkir an pantai sebnernya bagus banget pandang sayang banyak jual semrawut;Positif;Negatif;0.9236534833908081;0.06317228078842163
pantai pasir putih snorkeling main kano susah renang banyak karang;Positif;Positif;0.9912802577018738;0.008559665642678738
beli ikan pasar ikan masak langgan jakarta mudik kesini masak enak kurang;Positif;Positif;0.9230906963348389;0.08077593147754669
pantai samas jelek bahaya main air temu sisi indah kunjung subuh sunrise bunga rambat indah laguna bagus foto udara sejuk;Positif;Positif;0.9999854564666748;1,43E+09
bagus keren banget kesini dah gunungkidul mumpung bersih banget ;Positif;Positif;0.9993618130683899;0.0006735906354151666
pantai indah banyak karang ombak aman ngajak anak main air;Positif;Positif;0.9933075308799744;0.007615900132805109
bersih terwat;Positif;Positif;0.9420415759086609;0.053699661046266556
tempat nyaman anak senang;Positif;Positif;0.9998243451118469;0.0001835841976571828
pantai favorite pantai pasir putih gunung kidul fasilitas lengkap ombak main batu karang tengah banyak gazebo harus beli makan warung baru pakai gazebo sayang sih batas aktifitasnya unjung bawa bekal rumah;Negatif;Positif;0.4117809236049652;0.550706684589386
pantai indah kab kulon progo sebentar bahan bandara internasional yogyakarta recomended wisata keluarga lancar wisatawan perahu laguna pantai glagah;Positif;Positif;0.999550998210907;0.0004989444860257208
pantai ngeden kadang pantai ngedan nyaman bewisata keluarga warung pasti murah pantai bersih lumayan main air agak rawan mandi banyak karang kondisi dekat sawah kebun milik tani;Positif;Positif;0.9898417592048645;0.00949067808687687
pantai baru ramai parkir luas banyak dagang kamar mandi kamar passnya bersih musolanya nyaman spot foto banyak kolam remang inap dekat pantai lumayan murah         ;Positif;Positif;0.9999873638153076;1,12E+10
indah sayang gondola rb jembatan harus bayar rb mahal;Negatif;Negatif;0.08098635077476501;0.923711359500885
pantai nyaman cocok banget but giat ramai ikan mas segar bakar bakar ikan jos;Positif;Positif;0.9997971653938293;0.000247886695433408
pantai bagus tiket pantai tambah biaya parkir sepi banding pantai drini;Positif;Positif;0.9291322231292725;0.06869751214981079
pantai depok letak komplek wisata pantai parangtritis banyak sedia makan seafood ikan ikan masihhsangat segar sebab pasar ikan segar dalam beli ikan bayar jasa masak enak banget kadang waktu tunggu;Positif;Positif;0.9962510466575623;0.004534572828561068
pantai bahan tanjung sirat milik data tarik sendiri pasir bersih diri tenda ngecamp ceria teman saudara akses kesini lumayan uras tenaga bebatuan bilang rusak sepatu main air harus hati hati ombak ganas karang pantai bilang tajam;Positif;Negatif;0.8138976097106934;0.17602474987506866
pantai indah cari sunset malam inap lupa bawa alat ngecamp nyewa alat ngecamp lengkap;Positif;Positif;0.9999151229858398;9,06E+10
keren habis kesini gaes;Positif;Positif;0.9998101592063904;0.00018218098557554185
pantai bagus bersih cuman ombak banget renang badan tarik ombak basah basah dikit si hati hati biarpun renang pantai enak dinikmatin suasana sepi rileks hahaha;Positif;Positif;0.9965728521347046;0.002914365381002426
pantai baron keruh akibat banjir gunung kidul akses jalan tutup;Positif;Negatif;0.5109176635742188;0.5073882937431335
sepi enak selfi selfi;Positif;Positif;0.9986403584480286;0.0013572410680353642
pantai bersih taman hits fasilitas oke banget kamar bilas dekat pantai akses jalan aspal papan tunjuk jalan;Positif;Positif;0.708878219127655;0.2705058157444
pandang bagus banget pantai selatan jalan kota jauh benar benar worth it;Negatif;Positif;0.0750848576426506;0.924667239189148
cocok main air viewnya foto foto lumayan bagus;Positif;Positif;0.9999160766601562;8,63E+10
pantai umum serasa private beach asik gays main ngecamp sana nasi goreng nikmat jual sana pantai asik mandi ngecamp pokok gunung kidul usahain kesini dehh;Positif;Positif;0.9995372295379639;0.0005437287618406117
suka perahu nelayan adrenalin perahu tengah laut;Positif;Positif;0.9392011165618896;0.05971570312976837
bagus agak kotor banyak wisatawan;Negatif;Negatif;0.035600680857896805;0.964255690574646
nih atas bukit kosakora posisi pas foto krek ambil foto bagus save pantai ngrumput indah;Positif;Positif;0.9999408721923828;5,46E+10
pantai asik ngecamp biarpun sepi sepi banget banyak warung warung pantai luas sih timur tebing tinggi bagus banget kayak uluwatu bal atas bukit sana pakai ngecamp oiya pantai parkir harus jalan kaki tracking bentar menit turun pantai warga lokal nganterin pantai ngecamp ditawarin alat bebakaran gitu banyak jasa sewa well tempat asik kunjung pas weekday ramai ramai ehehhe;Positif;Positif;0.9998577833175659;0.00015480145520996302
keren banget pantai;Positif;Positif;0.9971203804016113;0.002457539550960064
pandang keren abis cipta tuhan tanding lepas penat isi waktu luang waktu libur tiket murah parkir mobil motor murah pilih menu makan makan dar ngopi harga beli saran hindar ketiban harga mahal makan minum pokok keren;Positif;Positif;0.9965006113052368;0.004463173449039459
pantai indahnyaa masyaallah;Positif;Positif;0.7874904870986938;0.2048785537481308
pantai indah bersih ngecamp      ombak aneh anak renang;Positif;Positif;0.9834681749343872;0.017628436908125877
suka sesal pokok kesini inap minim daerah kesini nginep;Positif;Negatif;0.9620179533958435;0.033311162143945694
pantai bagus makan minum murah banget;Positif;Positif;0.9987444877624512;0.0012694902252405882
asa privat beach anginya sepoi sepoi pas banget ngecamp suka banget;Positif;Positif;0.9992774128913879;0.0008014521445147693
pantai baru letak bahan pantai kukup bersih baik unjung jaga bersih pasir putih bersih air bersih perahu nelayan toilet mushollah pada akses kurang km pantai jalan tanah parkir luwas;Positif;Positif;0.9267272353172302;0.06381187587976456
kondisi lumayan baik akses jalan baik;Negatif;Positif;0.0009345270809717476;0.9991637468338013
bagus banyak sampah beda jauh sanglen tahun bersih;Positif;Negatif;0.9436343312263489;0.0513380765914917
retribusi banyak habis ribu uang parkir pantai sepi weekday ombak aneh renang mbak jual cilok enak;Negatif;Negatif;0.04356534779071808;0.9560698866844177
oke tempat cuman bau amis ikan sengat;Negatif;Negatif;0.011745447292923927;0.9888672232627869
pantai indah sunset sunrise ngecamp lahan sahngat batas tebing pandang pantai pasir main air       ;Positif;Positif;0.9738551378250122;0.02817585878074169
best spot for sunset on jogyakarta;Positif;Positif;0.9998144507408142;0.00019225830328650773
pantai parkir luas warung jejer toilet jajar;Positif;Positif;0.9999357461929321;6,56E+10
pantai si kaya bagus cuman kesini harus pakai motor jalan wow curam kesel sih pas nanya mas jalan curam bayar mobil waktu kesini pakai mobil jenis terios jalan tuh mobil arah lawan kita harus minggir banget bibir pantai tanjak curam banget malem gaada lampu sih fasilitas mumpuni bayar coy emang view bagus;Positif;Negatif;0.5584774017333984;0.4397009611129761
pantai asik nongkrong lapang rumput asri sip;Positif;Positif;0.9996503591537476;0.0003687203861773014
pantai baron pantai enak akses jalan mulus parkir tebing awat tangga;Positif;Positif;0.9907926917076111;0.009719145484268665
kala penat pikir mslh pantai cocok jernih pikir;Positif;Positif;0.9996836185455322;0.00030000307015143335
lumayan santai keluarga nikmat angin pantai minum kelapa muda pacu adrenalin sewa atv seru;Positif;Positif;0.9922122955322266;0.006865426432341337
akses pulau drini jembatan tiket pulau ribu properti foto rb;Positif;Positif;0.6704410314559937;0.3130703866481781
asri asri;Positif;Positif;0.9993135929107666;0.000709096493665129
beli aneka seafood pasar ikan dimasakin tinggal main foto foto pantai dah matang hmm yummy ;Positif;Positif;0.9998563528060913;0.00015090171655174345
jaga bersih;Positif;Positif;0.7502899765968323;0.24107500910758972
pantai bersih awat cocok keluaraga pacar pokok cocok semua kalang omabak;Positif;Positif;0.9996708631515503;0.00035884042154066265
bagus banget pantai;Positif;Positif;0.9966965913772583;0.0027257499750703573
parkir mobil lokasi pantai agak jauh dikit sih lelah sedia jasa ojek lokasi pantai nglambor sana tempat bersih sampah sera banyak kamar mandi ibadah sedia banyak foto sport bagus bagus cocok libur keluarga;Positif;Positif;0.9996048808097839;0.0003985987859778106
tempat bagus banget cocok nyantai sore sunset kemah banyak pancing;Positif;Positif;0.9963106513023376;0.004209587350487709
pantai indah sentuh tangan manusia tempat indah banget pantai alami bersih duduk ramah menu makan murah parkir luas bagus cari spot fotografi tempat sembunyi jauh ramai jalan kesana kurang fasilitas lampu jalan titik lebih mantap;Positif;Negatif;0.9562531113624573;0.04060964286327362
pantai indah kesana recomended jadi acara piknik pantai;Positif;Positif;0.992872953414917;0.005788750480860472
pantai lengkap pantai pasir putih landai air jernih perahu nelayan tepi pemandangannyang indah langka air tenang unjung main air pulanlokasi indah batu karangbyang debur ombak tubi tubi nyanyi alam menyatuka ombak tebing karang terjal lokasi tebing tinggi uluwatu lengkap pandang indah sedia si pantai gesing fasilitas pada;Positif;Positif;0.9995121955871582;0.0005610791267827153
pantai luas cocok giat lokasi luas pandang laut banyak sedia makan khas wisata pantai wisata kuliner cocok habis akhir pekan;Positif;Positif;0.9999563694000244;4,84E+11
sekitat menit parkir harus jalan kaki pantai greweng bayar bagus pandang pantai nge ngecamp;Positif;Positif;0.9987308382987976;0.001148124341852963
eksotis gitu safe bawa anak lokasi parkir jauh medan agak sulit;Negatif;Negatif;0.0729815736413002;0.9295282959938049
jalur tata suasana warung jual desain tarik ciri khas sendiri ayo pemkab action;Positif;Negatif;0.9998425245285034;0.00017620364087633789
lumayan bagus hampar pasir;Positif;Positif;0.9980818033218384;0.0016879499889910221
pantai keren banget pantai cantik kunjung akses jalan kurang bagus lelah bayar pandang indah alam pantai yangvindah sewa jasa diving rb makan sedia hidang laut harga jangkau banget rb an paket sewa tenda santa pinggir pantai rb an guys gunung kidul bosan pantai nglambornya manis meta indra;Positif;Positif;0.9997361302375793;0.0002796417102217674
bagus tata bagus;Positif;Positif;0.9763934016227722;0.02394443191587925
banyak makan khas ikan laut ikan segar tangkap nelayan pancing gaes;Positif;Positif;0.9998114705085754;0.00019130359578412026
pantai cocok ngecamp sayang main air pantai tebing nikmat pandang laut biru jalan pantai sirat bagus aspal pasuk area pantai lewat jalan kanan kiri banyak pohon jati dasar alam area banyak pohon jati banyak ulat jalan gantung tengah jalan pohon jati kondisi kering banyak ulat hati hati warga ulat warna hitam gatal makan;Positif;Positif;0.9993231296539307;0.000721086747944355
lumayan jauh pusat kota yogya bayar pemandanganya bagus snorkeling murah riah ribu dokumentasi;Positif;Positif;0.9991681575775146;0.0008963267900981009
pantai cantik pasir putih khas pantai gunungkidul;Positif;Positif;0.9992947578430176;0.000766137964092195
salah pantai garis pantai lumayan gunung kidul pantai bersih unjung buang sampah sembarang kunjung weekday pas libur weekend suasana tenang sepi unjung pandang lepas pantai indah air jernih ombak pikir tenang duduk ambil rumput laut pinggir pantai air dangkal giat musim kunjung pantai nikmat suasana lupa buang sampah tempat unjung budiman;Positif;Positif;0.9964666366577148;0.004238327965140343
lokasi bagus sunset matahari benam cocok giat komunitas kecil sayang fasilitas dukung kamar mandi mushollah parkir rumah makan;Positif;Negatif;0.9917798638343811;0.007923793978989124
pantai pasir putih gunung kidul dekat pantai kukup watu kodok banyak warung makan gubuk gubuk payung pantai bukit tengah pantai menyebrangi jembatan masjid bersih dekat parkir;Positif;Positif;0.9990352392196655;0.0010168692097067833
sunset makan olah seafood teman teman sayang pantai kotor kurang awat;Negatif;Negatif;0.0006425201427191496;0.999468982219696
tiket murah lokasi agak dalam daerah kurang cocok mandi pantai pas foto foto keluarga pohon cemara lebat teduh;Positif;Positif;0.9990622401237488;0.0009418107802048326
ombak anginya kenceng pondok arah pantai sembari makan makan banyak jual makan anak anak musti benar benar awas ombak tinggi makan rombong sholatnya ukur wisata muat;Positif;Negatif;0.9972878694534302;0.0027262179646641016
surga seafood enak murah     ;Positif;Positif;0.9999362230300903;6,20E+10
segar udara pantai pagi musim gelombang tinggi indah;Positif;Positif;0.9405808448791504;0.055865079164505005
pantai indah adem nikmat pantai pantai baru coba fasilitas gazebo musholah makan kamar mandi lokasi mudah temu;Positif;Positif;0.9998288154602051;0.0001834568101912737
jalan tantang nyari aman lelah hiking arah wediombo jalan jalur hikingnya arah pantai jungwok belah kiri jalan jasa ojek pantai antar pantai titik hiking bawa motor pelan pelan nikmat pandang jalan sungguh manja;Negatif;Negatif;0.32623130083084106;0.6398033499717712
pantai alternatif destinasi wisata pantai daerah jogja pandang bagus banyak pohon pasar tradisional tampil seni tradisional;Positif;Positif;0.9975050091743469;0.002820195397362113
sia deh jalan jauh plus trek extreeme  ;Negatif;Positif;0.29849472641944885;0.7091372013092041
pantai view baik kunjung sulit sinyal pantai benar benar worth it kunjung makan enak;Negatif;Positif;0.029410038143396378;0.9700227379798889
tempat cantik bersih akses harus jalan kaki parkir motor mobil pantai bukit kosakora diri tenda pantai bukit renang pantai usaha sana lapar istirahat makan siang jajan;Positif;Positif;0.9095476865768433;0.09492059051990509
ramai daerah bantul asik ajak anak main air kolam anak bilas main penuh banyak jual makan minum andong keliling kuda atv penyewaanya sepi unjung pokok;Positif;Positif;0.9990242719650269;0.0010278108529746532
recommended cari libur indah suasana pasir putih karang karang pandang takjub;Positif;Positif;0.9999215602874756;8,79E+09
pantai bagus si lumayan harus jalan kaki km lumayan uras tenaga pantai;Positif;Positif;0.96487957239151;0.028182368725538254
akses lumayan mudah bekas api unggun tinggal campers agak ganggu mana kotor unjung;Negatif;Positif;0.001326874946244061;0.9987404942512512
lumayan bersih nama jalan parkir pantai penuh pohon cemara obyek apik jadi background foto gua buat batang pohon lokasi pantai ombak cenderung pasir hitam warung sekitar pantai dekat parkir pantai ombak pasang biaya masuk murah riah;Positif;Positif;0.9998955726623535;0.00011279823957011104
tempat nyaman luas bersih aman jaga bersih sampah prasarana lengkap mck langgar mushollah parkir rapi tarik gua cemara panjang pantai bantul barat timur arah pantai waru parangtritis gua cemara letak tengah banjir pantai rob daerah gua cemara aman sentuh banjir tempat agak beda bentuk jarak lokasi dekat pantai jarak batas indang alam pohon cemara lumayan rapat aman sejuk nyaman acara rombong libur terkadang antri acara padat muat;Positif;Positif;0.9998562335968018;0.00015724393597338349
pantai cantik renang sedia kano main banyak warung sedia makan minum kelapa muda cocok kunjung teman keluarga;Positif;Positif;0.9999271631240845;7,83E+09
pantai legendaris bersemayamny nyi roro kidul sang ratu kuasa laut selatan jawa view pantainy bagus banget bersih ombak angin pantai banget top dah        ;Positif;Positif;0.9997947812080383;0.00022103080118540674
pantai pasir putih sayang lewat kunjung wisata gunung kidul jamin untung nikmat pantai mandi saran tengah ombak pasang perhati langkah kaki banyak karang tajam;Positif;Positif;0.8836723566055298;0.12613089382648468
pantai ngandong wonosari bagus bersih siang air tenang baik jadi destinasi;Positif;Positif;0.9983115196228027;0.00194802216719836
sunset indah hampar pantai pasir hitam indah luas htm gratis bayar parkir doang;Positif;Positif;0.9917470216751099;0.009501590393483639
laku kurang nyaman tukang parkir;Negatif;Negatif;0.24603809416294098;0.7582295536994934
salah pantai gunungkidul pesona laut karang habis kupas;Positif;Positif;0.999672532081604;0.00033890578197315335
ngecamp asik;Positif;Positif;0.9958499670028687;0.003776240162551403
pantai main air foto so bayangin deh pantai larang deket bibir pantai foto;Positif;Negatif;0.9978674650192261;0.002595719415694475
pantai bersih akses pantai harus jalan sebentar bayar indah pantai musim libur pantai sepi kemah nangkap hewan pantai bawa pulang;Positif;Positif;0.9988310933113098;0.0010069635463878512
pantai bersih rindang banyak pohon kamar mandi bilas pada gazebo lepas lelah parkir luas biaya parkir rb favorite kemah inap jalan lokasi jelek simpang mobil harus henti salah;Positif;Positif;0.9953318238258362;0.004266873002052307
pantai pasir hitam lumayan bersih angin banyak banyak pohon cemara udang daerah seret banyak pantai bagus;Positif;Positif;0.9954921007156372;0.00521691283211112
pantai asri manja luas ombak tunda sapu bibir pantai karang tumbuh tanam air laut rumput laut warna hijau struktur lunak batu karang lepas sandal hati kmarin ular laut ukur sembunyi celah bebatuan karang ikan gesit pandang pesona parkir pantai jalan kaki menit tiket pantai daerah tepus pantai tera tiket harga tiket juni parkir mushollah tiap warung kamar mandi warung dekat pantai lumayan bersih mandi harga makan jangkau nasgor kopi ayam bakar harga beli ngecamp pantai bukit kosakora view pantai atas sungguh recomended banget buru sunset bukit bayar;Positif;Positif;0.9995009899139404;0.0005588438943959773
pantai asri jernih air kesana pas pagi pas ombak surut rumput laut karang bagus jernih banget pagi pagi air dingin sejuk moga akses tingkat baik terjal akses mobil mudah;Positif;Negatif;0.8165584802627563;0.19414445757865906
pantai indah pasir putih karang mandi pantai khawatir bulu babi cocok kemah warung sinyal operator parkir kendara sinyal pandang malam indah banyak bintang bintang  sayang akses lokasi medan sulit bawa banyak barang;Positif;Negatif;0.9588472247123718;0.035511791706085205
pantai keren lumayan bersih ramai nyaman main pantai;Positif;Positif;0.999683141708374;0.000264662696281448
sepi asri senang bagus;Positif;Positif;0.9995059967041016;0.0005314979935064912
puas anak puas wahana banyak;Positif;Positif;0.9999028444290161;9,75E+10
pantai bersih indah awat tebing jadi spot foto;Positif;Positif;0.9998252987861633;0.00019299425184726715
pantai greweng pantai letak ujung gunung kidul batas jogja wonogiri kesana kudu tenaga daki tanjak turun curam tantang pantai greweng pandang bagus nyaman ngecamp pribadi acara bareng pantaigreweng gunungkidul lestguide;Positif;Negatif;0.9997912049293518;0.00019522184447851032
jalan lokasi mulus pantai indah bening;Positif;Positif;0.998241662979126;0.001697487197816372
salah pantai baik jogja rekomendasi cari tenang  ;Positif;Positif;0.9998488426208496;0.00015293915930669755
baru pantai bagus banget pasir putih pandang bagus bersih sampah kayak famous banyak unjung ngecamp sekitar pantai sih banyak sana banyak batu karang pohon pohon tinggi julang akses pantai harus lewat jalan terjal parkir parkir motor jam;Positif;Negatif;0.9188385009765625;0.07100886106491089
nyaman sejuk bersih kadang tunjuk tari tradisional lain minggu pagi ibuk ibuk senam;Positif;Positif;0.9998745918273926;0.00013067232794128358
sepi laut mandi pohon pohon panas gersang;Positif;Negatif;0.92255699634552;0.09370500594377518
indah tarik kunjung akses jalan lokasi batu mobil model jeep maaf saran lokasi mending sewa jeep adventure banyak lokasi tawar capai lokasi pokok recomended banget wisata foto berselfie ria sana;Positif;Positif;0.9521430730819702;0.05144529044628143
pandang bilang juara    bikin gel jalan makan jam kota jogjakarta mobil bayar oh pas kemarin kesini ombak tinggi tinggi   ;Positif;Negatif;0.9042502045631409;0.08831232041120529
destinasi wisata pantai pasir warna hitam daerah anggap wisatawan anggap unik temu banyak pasir warna putih;Positif;Positif;0.9984908103942871;0.00165086321067065
tempat milir enak kumpul keluarga gelar tikar bawa bekal nasi rantang;Positif;Positif;0.9987369179725647;0.0014212459791451693
keren pantai nyelam agak mahal;Positif;Positif;0.8359664082527161;0.15912045538425446
ombak arena selfi;Positif;Negatif;0.9967933297157288;0.0029644984751939774
pantai luas air bening biru pantai ombak ombak tengah pantai halang very recommended beach ;Positif;Positif;0.9999487400054932;5,36E+11
sore minum gelas kopi susu fullcream;Positif;Positif;0.9715984463691711;0.02659805864095688
bagus banget sayang pas surut;Positif;Positif;0.9881270527839661;0.010953298769891262
pantai panjang tepi banyak karang aman main air pakai alas kaki main air karang karang pinggir pantai ikan ikan laut warna warni dar main pasir putih oke parkir luas panjang tepi pantai jalur mobil pantai sadran snorkeling main kano;Positif;Positif;0.9978000521659851;0.0024368311278522015
foto foto saat sunset;Positif;Positif;0.937073826789856;0.05696575343608856
pantai indah milik pesisir luas pasir putih coklat ombak pantai tinggi kesini lewat portal pantai wediombo pantai sedahan banyak kesini ngecamp dar foto main air rekomendasi suka tenang akses susah;Positif;Negatif;0.6944142580032349;0.32309940457344055
asik tempat sejuk adem jajananya murah banyak jual seafood mknanya relatif murah banget saran makan tmpat piknik harga menu haha;Positif;Positif;0.9996219873428345;0.00042772272718138993
kencang angin ngecam mantap apit tebing sinyal quality time teman teman gadget;Positif;Positif;0.9999179840087891;7,77E+10
pantai bahan pantai baru pantai goa cemara jalan pantai mercusuar masuk bayar rupiah jaga mercusuar akn mercusuar buka unjung boleh jam wib mercusuar dekat pantai kebun buah naga tambak kebun buah naga unjung boleh petik buah naga beli pantai pandansari unjung harus bayar tiket retribusi lupa nominal bawah tiket biaya pantai dekat pantai goa cemara pantai unjung harus bayar biaya parkir rupiah sepeda motor pantai bersih pantai parangtritis banyak pohon cemara teduh pendopo ayun kursi meja kayu sedia toilet warung makan cocok nikmat suasana senja;Positif;Positif;0.9999547004699707;4,76E+10
pantai bagus sejuk pas keluarga unjung;Positif;Positif;0.9993818998336792;0.0006321428809314966
tarik snorkeling tempat sempat snorkeling hhmmm ngulang hehehe;Positif;Positif;0.9999504089355469;4,94E+11
ngecamp asik ni ngecamp aman atas tebing besok pagi baru deh turun pantai main air ;Positif;Positif;0.9951465725898743;0.005350422579795122
salah pantai andal kawasan gunung kidul yogyakarta jalan pusat kota yogyakarta kurang jam lintas normal akses pantai mudah aspal kondisi baik pantai damping pantai kukup parkir luas tiket ribu orang parkir kendara roda ribu banyak kios asesoris pakai kedai makan harga jangkau khawatir jebak harga mahal karakter pantai pantai selatan jawa pasir putih ombak hias batu karang bukit capai titi anak tangga minus pantai minim sampah kesini baik bawa kantong kresek tas plastik sampah makan minum bawa;Negatif;Positif;0.025419263169169426;0.9786101579666138
cocok santa ramai;Positif;Positif;0.9997667670249939;0.0002329727722099051
pantai bersih nyaman cocok anak sayang kamar mandi mushollah banyak;Positif;Positif;0.9987390637397766;0.0013200570829212666
indah alam laut sungguh;Positif;Positif;0.9998408555984497;0.00016264797886833549
bagus sayang kurang tata sedia jasa snorkeling pasar tepi pantai next mudah mudah tata konsep ulang biar khas pariwisata;Positif;Negatif;0.8435953855514526;0.136448934674263
tempat nyaman ngecamp viewnya bagus banget sayang nunggu parkir duit banget bagi rezki;Positif;Negatif;0.9244963526725769;0.06541097164154053
pantai sembunyi asik mojok hahaha;Positif;Positif;0.9998038411140442;0.00018749541777651757
pasir putih viewnya cantik pantai bersih inap murah ribu bikin kangen kesana kesana;Positif;Positif;0.9972836971282959;0.003062767442315817
parkir luas htm jangkau kamar mandi umum banyak arena main anak larang main air pantai pantai terjal;Positif;Positif;0.9918317198753357;0.009244251996278763
sejuk rindang angin banyak dagang jajan murah riah banyak tong sampah faham warga negara baik buang sampah pd tempat ;Positif;Positif;0.9980775117874146;0.0021660763304680586
bagus asri;Positif;Positif;0.9994179010391235;0.0005761604406870902
pantai sadran salah pantai pasir putih lokasi daerah kabupaten gunung kidul yogyakarta pantai ombak tenang dalam olahraga snorkeling;Positif;Positif;0.9998987913131714;0.00010331597877666354
baru toilet umum warung ada nyasar dikerjain google maps deket pantai wedi ombo ya jauh bayat klaten penasaran pantai baru ;Positif;Positif;0.9313037991523743;0.062173839658498764
salah pantai baik daerah yogyakarta cocok santa ria;Positif;Positif;0.9992722868919373;0.0007574116461910307
nice beach like privat island pantai sepi unjung cocok suka sepi;Positif;Positif;0.9984745383262634;0.001575429574586451
pantai bersih air bening akses mulus susah   ;Negatif;Positif;0.06436704844236374;0.9354598522186279
sepi sunyi pas individu butuh inspirasi temu jati btw kanan kiri pantai bosan tinggal geser pindah pantai belah hehe;Positif;Positif;0.7024580836296082;0.2833849787712097
pantai asik nyaman renang kontur karang beda fasilitas lengkap inap ngecamp bagus;Positif;Positif;0.9996808767318726;0.0003775709483306855
tempat bagus keluarga santai ngawasi anak main enak gampang;Positif;Positif;0.9997900128364563;0.00021959631703794003
bagus tempatny asik rame;Positif;Positif;0.9997913241386414;0.00019091853755526245
pantai pasir putih gunung kidul dekat obyek wisata pantai jalan bagus parkir luas bus pariwisata;Positif;Positif;0.9862474799156189;0.014127813279628754
jelang subuh istirahat gazebo nyaman bersih pagi tugas bersih jalan tugas harga makan minum jangkau masakan enak;Positif;Positif;0.8753259181976318;0.13488200306892395
pakai renang sewa perahu jual ikan spot foto lumayan bagus;Positif;Positif;0.9999284744262695;7,44E+10
sinyal indosat jamah sana genks pantai persis internetan lancar nikmat debur ombak;Positif;Positif;0.9990400671958923;0.0008858673390932381
suka banget banget pantai bersih banget sepi;Positif;Positif;0.9946734309196472;0.005212998948991299
jalan parkir bibir pantai terjal jalan setapak belah kebun hutan butuh menit cepat jalan;Negatif;Negatif;0.002558102598413825;0.9974274039268494
tempat cocok pancing atas karang kemah bagus recommend refreshing;Positif;Positif;0.9999661445617676;2,61E+11
anginya kenceng banget kurang cocok wisata;Positif;Negatif;0.9576035141944885;0.04098891466856003
seru rem harga mahal hehe guide okeh okeh;Negatif;Positif;0.23009251058101654;0.7868903279304504
pantai bagus banyak toilet lumayan bersih sdg pasang jarak pasir pantai lumayan dekat ombak santai enak banget;Positif;Positif;0.9991149306297302;0.0009870821377262473
pantai ngecamp cocok mahasiswa giat libur tempat friendly awat parkir akses motor mobil warung kunjung darurat kamar mandi bilas mandi laut;Positif;Positif;0.995001494884491;0.005166818853467703
pantai bagus serama belah belah bersih dagang tutup pandang salah pantai bahaya renang landai;Positif;Positif;0.9939151406288147;0.005321849137544632
suka banget pantai view bagus pantai bersih warga lokal ramah ramah pantai bilang salah hidden beach gunung kidul hitung sepi salah pantai rekomendasiin bingung pantai jogja lagu jogja adithia sofyan dijadiin playlist wajib pas pantai suka pantai pasir putih you re gon na love it ;Positif;Positif;0.9834485054016113;0.018598927184939384
pantai samas salah pantai spesial bantul laguna laguna wisata kapal wisatawan kapal keliling laguna fasilitas kamar mandi makan warung mushollah padah;Positif;Positif;0.9996780157089233;0.000369016983313486
pantai bersih sepi tenang enak nge ngecamp;Positif;Positif;0.999588668346405;0.0004293970996513963
kalah pantai gunung kidul pandang;Positif;Negatif;0.9883652925491333;0.012054722756147385
suka pantai sayang sampah tolong jaga alam biar anak cucu nikmat;Negatif;Negatif;0.0008503241697326303;0.9990849494934082
pandang bagus bagus bersih warung jajan ngopi makan mie;Positif;Positif;0.9970435500144958;0.003249811939895153
pantai bagus sayang banyak sampah ngecamp acuh lingkung;Negatif;Negatif;0.023441078141331673;0.9799271821975708
uuuuu bagus banget ;Positif;Positif;0.9874535202980042;0.012388590723276138
tempat asik;Positif;Positif;0.9948893785476685;0.00447527039796114
nyaman panti asri bersih pantai buka jam rekomendasi nikmat malam bintang sayang ramai cari tenang libur apa ramai oh ngecamp males bawa alat ngecamp so calm banyak toko sedia sewa tenda matras gitar ramai toko buka jam repot bawa makan;Positif;Positif;0.9998672008514404;0.000162841024575755
panorama indah;Positif;Positif;0.9948741793632507;0.0048165088519454
pantai jernih air muas jalan jauh fan lelah bayar pantai;Positif;Positif;0.7136613130569458;0.284263551235199
view bagus;Positif;Positif;0.689003586769104;0.3216158151626587
pantai alami jaga enak nge ngecamp dekat pantai sedahan wedi ombo siung lupa bawa minum jalan agak lelah jalan lumayan terjal pantai weekdays pas libur serasa pantai pribadi unjung hitung;Positif;Negatif;0.9980113506317139;0.001944530988112092
akses jalan mudah parkir luas batas pantai sadran in toilet banyak mayoritas bersih warung makan banyak pinter milih murah pantai bukit karang belah cocok wisata keluarga kurang cocok ngecamp;Positif;Positif;0.9986697435379028;0.001390354591421783
pas belanja ikan segar;Positif;Positif;0.9926239252090454;0.007293254137039185
pantai ngedan sebut pantai ngeden salah pantai gunung kidul ramai cocok suka suasana pantai pantai pribadi pantai bagus pasir putih akses pantai mobil lokasi ukur jalan pas mobil;Positif;Positif;0.8418724536895752;0.16685599088668823
pantai asik snorkeling air jernih dangkal cocok wisata keluarga sayang jalan akses masuk sempit parkir kurang tata;Negatif;Negatif;0.0022180669475346804;0.9982568621635437
pantai naung alami cemara pantai banyak pohon pandan pantai tumbuh alami pantai bugel pasir besi kuarsa warna hitam pantai sepi banyak giat nelayan banyak kapal kapal nelayan sandar pantai arah wetan pantai pantai trisik indah lengkap spot selfi laguna air payau;Positif;Negatif;0.9996185302734375;0.0004353013646323234
pantai takjub jalan tanjak buah bukit lelah bayar indah pandang pantai greweng letak gunung kidul;Positif;Positif;0.9945533275604248;0.004960698541253805
pantai bagus lumayan bersih km toilet air asin moga jalan baik licin hujan;Positif;Negatif;0.9982742071151733;0.0021435990929603577
wisata menyebrang pulau sebrang lokasi pilih capai lokasi tawan uji adrenalin unjung mana sedia sarana menyebrang gondola kereta tarik tali tarif ribu libur coba jembatan gantung tarif ribu rupiah mahal cucuk jawa bilang padan wisata ntuk capai lokasi tawar kendara jeep biaya sewa rb kapasitas tumpang harus jalur terjal kunjung tempat eksotis spot indah nikmat sunset cuaca cerah;Positif;Positif;0.9993423819541931;0.0006451079971157014
pandang spot foto ajib banget ayo pantai gesing luncur sesal sana teras kaca oke banget;Positif;Positif;0.9996496438980103;0.0003552978450898081
pantai mudah jangkau jogja jalur wonosari panggang bentang pantai luas baron muara water sport komoditas ikan ikan tangkap nelayan singgah kapal nelayan jual hasil nelayan dagang dagang sedia toilet mushollah surut pantai enak main air pancing dar rendam main karang;Positif;Positif;0.9998421669006348;0.00018403235299047083
bagus pantai pasir putih halus banyak karang medan sulit;Positif;Positif;0.8960685133934021;0.11293892562389374
mahal;Negatif;Negatif;0.20908288657665253;0.7972738742828369
bagus tata rapi maaf ibadah masjid oky berwudhu wanita belakang banyak tau kamar mandi wanita maaf agak kurang bersih gayung masuk ibadah harus bersih terima kasih;Negatif;Negatif;0.1302770972251892;0.8552283048629761
pantai bersih pasir pitih pesona nikmat aneka hidang seafood;Positif;Positif;0.9998753070831299;0.00011704216012731194
area parkir luas baik mobil motor bus bus sedia pilih warung makan jajan banyak sedia pasar buah cuman pantai view sempit beda ada mercusuar atas bukit;Positif;Positif;0.9972979426383972;0.0024330751039087772
libur hilang penat nama kerja tugas biaya jangkau mmair bersih cari;Positif;Positif;0.9995759129524231;0.0004121306410524994
pantai sepi toilet warung tutup jam colok cash hp pinggir pantai pohon bikin teduh diri tenda pasang hammock ngecamp pantai serasa milik pribadi tracking jauh fasilitas lengkap suka pokok lupa jaga bersih;Positif;Positif;0.9994482398033142;0.0006454302347265184
asik ngecamp bakar main voli pagi mantap;Positif;Positif;0.999213695526123;0.0008040216052904725
pantai indah sambat ombak aman nyaman anak anak main unik pantai perahu penyebrangan pantai;Positif;Positif;0.9999107122421265;6,55E+10
mantul sepi enak tenang manten baru;Positif;Positif;0.9995771050453186;0.0004025518137495965
pantai indah air jernih ombak sahabat;Positif;Positif;0.9998906850814819;0.0001133413243223913
pantai waru letak kabupaten bantul batas kab kulonprogo akses lancar bangun jalan lingkar selatan alternatif wisata pantai tiket golong murah bayar parkir motor mobil nikmat suasana pantai puas kelola baik pemda kes agak biar pasar ikan tangkap hasil nelayan spot foto harus pandai pandai pilih gaes;Positif;Positif;0.999821126461029;0.00017228975775651634
pantai bagus banget kolam alami gama hill view laut tinggi;Positif;Positif;0.9994556307792664;0.0005687767406925559
jalan aspal parkir sempit mobil bersih kesini jaga bersih  kamar mandi harus warung dekat parkir jalan kaki oh banyak pancing nelayan lobster;Positif;Positif;0.996968686580658;0.0030593550764024258
pantai pasir putih bersih cocok renang dar foto kapal kapal nelayan banyak jumpa jual seafood harga variasi rp rp include nasi  jalan jogja tempuh jam  retribusi rp motor isi include pajak asuransi;Positif;Positif;0.9958487749099731;0.003939987625926733
bagus indah tiket parkir speda motor sampah pantai spot foto pantai patung ikan tebing foto dizoom warna kuning tulis pantai krakal;Positif;Positif;0.9995051622390747;0.0005563435843214393
mancing;Positif;Positif;0.9572710990905762;0.04218641296029091
wisata alam penuh pesona;Positif;Positif;0.9935438632965088;0.006120399571955204
pantai indah bersih harga tiket murah;Positif;Positif;0.9999703168869019;2,98E+11
cocok nyantai bareng sedia masakan saji pasar ikan segar sedia titik pendopo acara bareng teman saudara suasana prrpaduan alam gunung pesisir pantai timbul nuansa beda pantai harus lewat suasana alam jumpa gowa buat pohon takjub;Positif;Positif;0.9999781847000122;2,36E+11
pantai indah jaga bersih;Positif;Positif;0.9970097541809082;0.002968889195472002
pantai parangtritis nyaman wisata pantai wisata keluarga;Positif;Positif;0.9998992681503296;0.00010773186659207568
tempatny bagus jalan pesisir pantai;Positif;Positif;0.9963830709457397;0.0029778669122606516
pantai bagus banget apalgi nyari spot foto wajib kesini deh banyak bukit bukit spot foto suka snorkeling nih harga fasilitas sepatu kacamata alat snorkeling dar basah basah kurang cocok pantai luas karang lumayan tajam nih suhu air lumayan dingin tau kemarin pas kesana waktu dingin suka hunting foto dar nikmat pandang ngobrol santai keluarga teman pasang cocok banget deh banyak jajan cicip sana lupa nglambor yooo;Positif;Positif;0.9999089241027832;0.00010774387919809669
kompleks pantai gunung kidul pantai bagus;Positif;Positif;0.9975760579109192;0.0025896329898387194
lumayan isi libur parkir luas makan jangkau;Positif;Positif;0.9998260140419006;0.0001758147991495207
minus jalan masuk kasar pantai suka suka ;Negatif;Negatif;0.008318575099110603;0.9923324584960938
pantai indah ombak;Positif;Positif;0.9977514147758484;0.0022642575204372406
pandang indah;Positif;Positif;0.9926544427871704;0.006999131292104721
pandang senja indah kawan;Positif;Positif;0.9973805546760559;0.0026537382509559393
let gooo diem rumah hehehe sesal deh nuansa indah bibir pantai pasir putih;Positif;Positif;0.9960564374923706;0.004061298444867134
asik untung nikmat udara pagi jogja;Positif;Positif;0.9990463852882385;0.0010180037934333086
pantai asri alami jarang unjung akan milik pribadi akses jalan agak sulit cocok ngecamp hunting foto;Positif;Negatif;0.48705562949180603;0.4851958453655243
suka main air yuk kesini pantai pasir putih snorkeling main kano;Positif;Positif;0.9936955571174622;0.006624708883464336
pantai putih air jernih restoran bagus pandang;Positif;Positif;0.999360978603363;0.0006708592409268022
snorkeling cus main kesini banyak jual ikan matang loh makan bawa pulang angin adem gaes segar ngopi banyak warung nyediakan kopi gaes cus tengokin;Positif;Positif;0.9999154806137085;9,82E+10
kayak not recommended for chasing sunset nor sunrise tutup tebing foto oke main air oke cuman angin banget lemah sana;Positif;Negatif;0.9834504127502441;0.019711986184120178
asik banget sepi tempat bersih banget karang asik fasilitas toilet lum agak jauh lokasi toilet suka foto sesal deh;Positif;Positif;0.9999094009399414;9,67E+10
sedia perahu keliling;Positif;Positif;0.9982755184173584;0.001737741520628333
ngecamp enak tampung banyak tenda sunset indah kesini rekomended tempat;Positif;Positif;0.9997101426124573;0.00027107037021778524
laguna barat santai klop makan ikan bakat warung dekat;Positif;Positif;0.9974350333213806;0.002780177863314748
pantai pandansari mending mercusuar aja lebih puas pandang atas mercusuar  pantai pohon jalan kendara kliatan;Positif;Positif;0.9981757402420044;0.0016489704139530659
pantai taman hijau   instagram able cocok libur keluarga tempat bahan pantai kukup baik parkir pantai kukup pantai ngrawe tinggal jalan dikit barat meter warung sekitar pantai harga jangkau;Positif;Positif;0.9999516010284424;4,57E+10
indah asik santai keluarga;Positif;Positif;0.9998117089271545;0.00019893563876394182
pantai bersih enak ngecamp;Positif;Positif;0.9911630153656006;0.009205089882016182
kurang awat fasilitas;Negatif;Negatif;0.002002360997721553;0.9982818365097046
suasana sepi kes pantai milik pasir putih home stay sana;Negatif;Positif;0.014758974313735962;0.9868549108505249
pantai bagus cocok libur ngilangin penat jalan tmpat parkir pantai lelah;Positif;Negatif;0.9986955523490906;0.001350583741441369
suka bebatuan karang bentuk bentuk alami hal pantai pantai gunungkidul pantai ngeden sedia bentuk dinding karang lantai karang indah parkir toilet umum jual makan minum akses lokasi mudah tahan panas lupa bawa payung;Positif;Positif;0.9996333122253418;0.0004242766590323299
suka nuansa pantai sepi unjung pantai watu lawang tuju;Positif;Positif;0.9444925785064697;0.050591323524713516
pantai pasir putih air jernih cocok anak usia pas kesini bule hihi segerrr lurrr parkir mobil bayar rp sedia toilet mushollah kamar mandi bilas sedia banyak warung makan;Positif;Positif;0.9996229410171509;0.0005109463818371296
pantai indah pasir putih ombak tutup pulau drini depan banyak area spot selfi area main air luas aman anak anak banyak jual makan hasil laut;Positif;Positif;0.9982703924179077;0.0019585301633924246
pantai bagus banget pasir putih cuman sayang sempit bau amis pantai nelayan dulunya kesini hati sengat ubur adek sepupu sengat ubur asli jalur kesini ngambil arah yogyakarta imogiri emang kelok msk mobil sih;Positif;Negatif;0.9005534052848816;0.09923554211854935
sepi gelombang tinggi pantai curam usaha dekat air;Negatif;Negatif;0.016664689406752586;0.9828267097473145
bagus ukur bibir pantai pantai pribadi;Positif;Positif;0.9793398380279541;0.020668450742959976
sepi unjung;Negatif;Negatif;0.4697606563568115;0.5260846614837646
sayang banyak uang banyak parkir mobil ojek tempat jembatan gantung bayar pantai siung bayar;Positif;Negatif;0.9736856818199158;0.02471388876438141
harga masakan laut normal murah mantaps  ;Positif;Positif;0.9998443126678467;0.00015765092393849045
kotor;Negatif;Negatif;0.04466180503368378;0.9573923945426941
pantai indah ombak agak bahaya main air pantai tim sar aman kolam renang anak makan laut banyak pokok top deh;Positif;Positif;0.9999262094497681;7,74E+10
eksotis;Positif;Positif;0.8755176067352295;0.12192999571561813
pantai bersih jernih air ombak aman lindung karang aman anak renang pantai cocok snorkeling biota laut;Positif;Positif;0.9996771812438965;0.0003626090765465051
ngecamp;Positif;Positif;0.5013404488563538;0.4961269795894623
sesuai nama pantai indah tawan;Positif;Positif;0.9999035596847534;9,51E+10
wuah sunguh cipta tuhan indah pantai atas tebing pantai siung kesana lewat batu jembatan bambu suka tantang adrenalin tempat oiya snorkeling baik lokasi parkir mobil harus jalan tanjak turun jauh km khawatir ojek motor stand by motor antar jalan kaki pilih baik lelah bayar dittujuan;Positif;Positif;0.9888210296630859;0.012671516276896
bagus tempat sayang pas gue kesini aga mendung sunsetnya kurang maksimal oke sepi unjung bayar parkir doang ;Negatif;Positif;0.0012948766816407442;0.9987133741378784
jarak parkir pantai jauh meter warung jual pantai pandang tebing tebing gagah ombak pantai cocok hunting foto hobi landscape photography;Positif;Negatif;0.9992747902870178;0.0008065204601734877
ramai bikin kotor;Negatif;Negatif;0.32515034079551697;0.6626759171485901
kurang aman anak banyak pecah kadang tajam bulu babi sekitar pantai;Negatif;Negatif;0.3912210166454315;0.6425402164459229
ngecamp tgl april lokasi samping pantai biaya parkir motor ngecamp orang ngelobby orang ngecamp dekat batu ujung viewnya bagus atas dekat warung sayang sunrise sunset kurang nikmat full halang kanan kiri tebing sunyi an libur ngecamp suasa;Positif;Positif;0.9995249509811401;0.0005144497845321894
tempatya sejuk pantai pantai greweng banyak unjung serasa pantai pribadi jalan tempuh terjall musim hujan parkir pantai greweng parkir parkir jalan pantai jungwok tepat pantai wedi ombo parkir harus jalan kaki lewat jalan setapak terjal licin musim hujan jauh kurang km tenang lelah hilang pantai greweng moga ulas bantu cari tau pantai greweng terima kasih;Negatif;Positif;0.0005730389966629446;0.9994296431541443
salah pantai tawar pandang indah lokasi dekat pantai parangtritis jam jalan jalan mulus liku kendara harus hati pasuk kawasan pantai gesing jalan sempit bawa mobil hati pantai gesing kena biaya kawasan wisata ribu kana tiket pantai ribu parkir tiket pantai renang pantai gesing harus hati ombak pantai selatan fasilitas kamar mandi banyak sedia warung banyak jaja makan;Positif;Positif;0.995857298374176;0.0048468513414263725
pantai glagah lokasi mudah jangkau foto keren mancing oke harus hati banyak truck angkut pasir bandara;Positif;Positif;0.9368137717247009;0.07586068660020828
pantai indah keluarga rekan kantor libur nikmat debur ombak benam matahari;Positif;Positif;0.9991125464439392;0.0010100150248035789
pantai sepi nyaman santa pohon teduh tau pohon nama  santa bayar tiket jajah area pantai prlu bayar;Positif;Positif;0.9633185863494873;0.044294796884059906
sepi tempat;Positif;Negatif;0.6034467220306396;0.3864668905735016
pantai asik banget renang wkwkwk lumayan luas harus jalan lumayan sih ngeluarin keringat jalan kaki harus coba deh kesini seru banget;Positif;Positif;0.999537467956543;0.00043858939898200333
spot foto mahal;Positif;Negatif;0.9957055449485779;0.004430892877280712
pantai ujung timur provinsi diy cocok beli ikan segar banyak harga murah banyak ikan tuna tongkol;Positif;Positif;0.9981076717376709;0.0019704331643879414
senang bilang asri bersih tolong niat kesini nyampah putung rokok usil rusak apa;Negatif;Positif;0.41635391116142273;0.562523365020752
pantai parangtritis km pusat kota jogja kenal milik pandang sunset romantis bendi susur pantai parangtritis sore kenang manis;Positif;Positif;0.9998579025268555;0.00015286043344531208
pantai golong baru fasilitas umum toilet arena main anak anak kolam renang pagi pantai pasar ikan kios;Positif;Negatif;0.9997677206993103;0.00027576691354624927
gampang akses banyak warung pantai enak matahari benam;Positif;Positif;0.7937034964561462;0.20529378950595856
recomended tempatny santa pagi segerrr pasar ikan masak pagi banget gratis tpr ;Positif;Positif;0.9756003618240356;0.026172395795583725
pas sepi nyaman;Positif;Positif;0.968535304069519;0.03238386660814285
waktu kesan sepi libur;Positif;Negatif;0.9774991273880005;0.01895805448293686
pasir putih batu karang bikin tangan gatal bawa rumah hias aquarium ;Positif;Positif;0.9992263317108154;0.0007173687336035073
pantai bagus pantai sebentar buka milik pandang pukau pasir putih pohon sejuk pantai banyak gunung kidul lahan luas area outbond pinggir pantai pandang pantai atas tebing atas tebing pantai drini bahan pantai watu kodok tiket masuk tpr rupiah free bebas pantai mama parkir rp banyak warung jual es makan gazebo sewa enak pokokknya recomended piknik ;Positif;Positif;0.9987698197364807;0.0011810647556558251
salah pantai wilayah kabupaten gunungkidul tepat wilayah camat panggang pantai indah alami;Positif;Positif;0.9998701810836792;0.00012752111069858074
pandang pantai indah air jernih bersih cocok ngecamp akses jalan pantai harus hati hati jalan terjal;Positif;Negatif;0.775448203086853;0.2468709647655487
pantai bagus banget pantai harus jalan kaki menit jalan gunung terjal saran mending ngecamp;Negatif;Negatif;0.0414966344833374;0.9593801498413086
pantai daerah banyak lupa nama hehehe banyak pantai tebing landai main air foto banyak salah nama teras kaca harga tiket foto harga musim libur antri jam jam foto jalur kesini jauh kelok pakai google map fix nyampai;Positif;Negatif;0.9998260140419006;0.00017080859106499702
